WARNING: Running pip as the 'root' user can result in broken permissions and conflicting behaviour with the system package manager, possibly rendering your system unusable. It is recommended to use a virtual environment instead: https://pip.pypa.io/warnings/venv. Use the --root-user-action option if you know what you are doing and want to suppress this warning.

[notice] A new release of pip is available: 25.0.1 -> 26.2.1
[notice] To update, run: pip install --upgrade pip
# uri=mongodb://mongo1:27017,mongo2:27017,mongo3:27017/?replicaSet=rs0&retryWrites=false
# duree=45s  writeConcern w=1  intervalle=0.0s
13:13:52.086 | n=  50 | primary=('mongo1', 27017)      | OK     ( 0.00s) 
13:13:52.117 | n= 100 | primary=('mongo1', 27017)      | OK     ( 0.00s) 
13:13:52.144 | n= 150 | primary=('mongo1', 27017)      | OK     ( 0.00s) 
13:13:52.169 | n= 200 | primary=('mongo1', 27017)      | OK     ( 0.00s) 
13:13:52.188 | n= 250 | primary=('mongo1', 27017)      | OK     ( 0.00s) 
13:13:52.206 | n= 300 | primary=('mongo1', 27017)      | OK     ( 0.00s) 
13:13:52.223 | n= 350 | primary=('mongo1', 27017)      | OK     ( 0.00s) 
13:13:52.239 | n= 400 | primary=('mongo1', 27017)      | OK     ( 0.00s) 
13:13:52.256 | n= 450 | primary=('mongo1', 27017)      | OK     ( 0.00s) 
13:13:52.273 | n= 500 | primary=('mongo1', 27017)      | OK     ( 0.00s) 
13:13:52.291 | n= 550 | primary=('mongo1', 27017)      | OK     ( 0.00s) 
13:13:52.308 | n= 600 | primary=('mongo1', 27017)      | OK     ( 0.00s) 
13:13:52.325 | n= 650 | primary=('mongo1', 27017)      | OK     ( 0.00s) 
13:13:52.343 | n= 700 | primary=('mongo1', 27017)      | OK     ( 0.00s) 
13:13:52.360 | n= 750 | primary=('mongo1', 27017)      | OK     ( 0.00s) 
13:13:52.376 | n= 800 | primary=('mongo1', 27017)      | OK     ( 0.00s) 
13:13:52.392 | n= 850 | primary=('mongo1', 27017)      | OK     ( 0.00s) 
13:13:52.409 | n= 900 | primary=('mongo1', 27017)      | OK     ( 0.00s) 
13:13:52.427 | n= 950 | primary=('mongo1', 27017)      | OK     ( 0.00s) 
13:13:52.444 | n=1000 | primary=('mongo1', 27017)      | OK     ( 0.00s) 
13:13:52.462 | n=1050 | primary=('mongo1', 27017)      | OK     ( 0.00s) 
13:13:52.477 | n=1100 | primary=('mongo1', 27017)      | OK     ( 0.00s) 
13:13:52.495 | n=1150 | primary=('mongo1', 27017)      | OK     ( 0.00s) 
13:13:52.512 | n=1200 | primary=('mongo1', 27017)      | OK     ( 0.00s) 
13:13:52.528 | n=1250 | primary=('mongo1', 27017)      | OK     ( 0.00s) 
13:13:52.546 | n=1300 | primary=('mongo1', 27017)      | OK     ( 0.00s) 
13:13:52.564 | n=1350 | primary=('mongo1', 27017)      | OK     ( 0.00s) 
13:13:52.580 | n=1400 | primary=('mongo1', 27017)      | OK     ( 0.00s) 
13:13:52.597 | n=1450 | primary=('mongo1', 27017)      | OK     ( 0.00s) 
13:13:52.612 | n=1500 | primary=('mongo1', 27017)      | OK     ( 0.00s) 
13:13:52.629 | n=1550 | primary=('mongo1', 27017)      | OK     ( 0.00s) 
13:13:52.645 | n=1600 | primary=('mongo1', 27017)      | OK     ( 0.00s) 
13:13:52.662 | n=1650 | primary=('mongo1', 27017)      | OK     ( 0.00s) 
13:13:52.679 | n=1700 | primary=('mongo1', 27017)      | OK     ( 0.00s) 
13:13:52.695 | n=1750 | primary=('mongo1', 27017)      | OK     ( 0.00s) 
13:13:52.712 | n=1800 | primary=('mongo1', 27017)      | OK     ( 0.00s) 
13:13:52.729 | n=1850 | primary=('mongo1', 27017)      | OK     ( 0.00s) 
13:13:52.746 | n=1900 | primary=('mongo1', 27017)      | OK     ( 0.00s) 
13:13:52.764 | n=1950 | primary=('mongo1', 27017)      | OK     ( 0.00s) 
13:13:52.781 | n=2000 | primary=('mongo1', 27017)      | OK     ( 0.00s) 
13:13:52.797 | n=2050 | primary=('mongo1', 27017)      | OK     ( 0.00s) 
13:13:52.813 | n=2100 | primary=('mongo1', 27017)      | OK     ( 0.00s) 
13:13:52.830 | n=2150 | primary=('mongo1', 27017)      | OK     ( 0.00s) 
13:13:52.846 | n=2200 | primary=('mongo1', 27017)      | OK     ( 0.00s) 
13:13:52.862 | n=2250 | primary=('mongo1', 27017)      | OK     ( 0.00s) 
13:13:52.880 | n=2300 | primary=('mongo1', 27017)      | OK     ( 0.00s) 
13:13:52.897 | n=2350 | primary=('mongo1', 27017)      | OK     ( 0.00s) 
13:13:52.913 | n=2400 | primary=('mongo1', 27017)      | OK     ( 0.00s) 
13:13:52.930 | n=2450 | primary=('mongo1', 27017)      | OK     ( 0.00s) 
13:13:52.947 | n=2500 | primary=('mongo1', 27017)      | OK     ( 0.00s) 
13:13:52.963 | n=2550 | primary=('mongo1', 27017)      | OK     ( 0.00s) 
13:13:52.981 | n=2600 | primary=('mongo1', 27017)      | OK     ( 0.00s) 
13:13:52.997 | n=2650 | primary=('mongo1', 27017)      | OK     ( 0.00s) 
13:13:53.014 | n=2700 | primary=('mongo1', 27017)      | OK     ( 0.00s) 
13:13:53.030 | n=2750 | primary=('mongo1', 27017)      | OK     ( 0.00s) 
13:13:53.048 | n=2800 | primary=('mongo1', 27017)      | OK     ( 0.00s) 
13:13:53.065 | n=2850 | primary=('mongo1', 27017)      | OK     ( 0.00s) 
13:13:53.081 | n=2900 | primary=('mongo1', 27017)      | OK     ( 0.00s) 
13:13:53.097 | n=2950 | primary=('mongo1', 27017)      | OK     ( 0.00s) 
13:13:53.112 | n=3000 | primary=('mongo1', 27017)      | OK     ( 0.00s) 
13:13:53.129 | n=3050 | primary=('mongo1', 27017)      | OK     ( 0.00s) 
13:13:53.145 | n=3100 | primary=('mongo1', 27017)      | OK     ( 0.00s) 
13:13:53.161 | n=3150 | primary=('mongo1', 27017)      | OK     ( 0.00s) 
13:13:53.177 | n=3200 | primary=('mongo1', 27017)      | OK     ( 0.00s) 
13:13:53.193 | n=3250 | primary=('mongo1', 27017)      | OK     ( 0.00s) 
13:13:53.209 | n=3300 | primary=('mongo1', 27017)      | OK     ( 0.00s) 
13:13:53.225 | n=3350 | primary=('mongo1', 27017)      | OK     ( 0.00s) 
13:13:53.241 | n=3400 | primary=('mongo1', 27017)      | OK     ( 0.00s) 
13:13:53.258 | n=3450 | primary=('mongo1', 27017)      | OK     ( 0.00s) 
13:13:53.275 | n=3500 | primary=('mongo1', 27017)      | OK     ( 0.00s) 
13:13:53.291 | n=3550 | primary=('mongo1', 27017)      | OK     ( 0.00s) 
13:13:53.307 | n=3600 | primary=('mongo1', 27017)      | OK     ( 0.00s) 
13:13:53.323 | n=3650 | primary=('mongo1', 27017)      | OK     ( 0.00s) 
13:13:53.339 | n=3700 | primary=('mongo1', 27017)      | OK     ( 0.00s) 
13:13:53.354 | n=3750 | primary=('mongo1', 27017)      | OK     ( 0.00s) 
13:13:53.372 | n=3800 | primary=('mongo1', 27017)      | OK     ( 0.00s) 
13:13:53.389 | n=3850 | primary=('mongo1', 27017)      | OK     ( 0.00s) 
13:13:53.407 | n=3900 | primary=('mongo1', 27017)      | OK     ( 0.00s) 
13:13:53.424 | n=3950 | primary=('mongo1', 27017)      | OK     ( 0.00s) 
13:13:53.441 | n=4000 | primary=('mongo1', 27017)      | OK     ( 0.00s) 
13:13:53.457 | n=4050 | primary=('mongo1', 27017)      | OK     ( 0.00s) 
13:13:53.474 | n=4100 | primary=('mongo1', 27017)      | OK     ( 0.00s) 
13:13:53.490 | n=4150 | primary=('mongo1', 27017)      | OK     ( 0.00s) 
13:13:53.505 | n=4200 | primary=('mongo1', 27017)      | OK     ( 0.00s) 
13:13:53.521 | n=4250 | primary=('mongo1', 27017)      | OK     ( 0.00s) 
13:13:53.538 | n=4300 | primary=('mongo1', 27017)      | OK     ( 0.00s) 
13:13:53.554 | n=4350 | primary=('mongo1', 27017)      | OK     ( 0.00s) 
13:13:53.570 | n=4400 | primary=('mongo1', 27017)      | OK     ( 0.00s) 
13:13:53.586 | n=4450 | primary=('mongo1', 27017)      | OK     ( 0.00s) 
13:13:53.602 | n=4500 | primary=('mongo1', 27017)      | OK     ( 0.00s) 
13:13:53.618 | n=4550 | primary=('mongo1', 27017)      | OK     ( 0.00s) 
13:13:53.633 | n=4600 | primary=('mongo1', 27017)      | OK     ( 0.00s) 
13:13:53.649 | n=4650 | primary=('mongo1', 27017)      | OK     ( 0.00s) 
13:13:53.665 | n=4700 | primary=('mongo1', 27017)      | OK     ( 0.00s) 
13:13:53.681 | n=4750 | primary=('mongo1', 27017)      | OK     ( 0.00s) 
13:13:53.697 | n=4800 | primary=('mongo1', 27017)      | OK     ( 0.00s) 
13:13:53.713 | n=4850 | primary=('mongo1', 27017)      | OK     ( 0.00s) 
13:13:53.729 | n=4900 | primary=('mongo1', 27017)      | OK     ( 0.00s) 
13:13:53.745 | n=4950 | primary=('mongo1', 27017)      | OK     ( 0.00s) 
13:13:53.761 | n=5000 | primary=('mongo1', 27017)      | OK     ( 0.00s) 
13:13:53.778 | n=5050 | primary=('mongo1', 27017)      | OK     ( 0.00s) 
13:13:53.794 | n=5100 | primary=('mongo1', 27017)      | OK     ( 0.00s) 
13:13:53.810 | n=5150 | primary=('mongo1', 27017)      | OK     ( 0.00s) 
13:13:53.825 | n=5200 | primary=('mongo1', 27017)      | OK     ( 0.00s) 
13:13:53.841 | n=5250 | primary=('mongo1', 27017)      | OK     ( 0.00s) 
13:13:53.856 | n=5300 | primary=('mongo1', 27017)      | OK     ( 0.00s) 
13:13:53.872 | n=5350 | primary=('mongo1', 27017)      | OK     ( 0.00s) 
13:13:53.888 | n=5400 | primary=('mongo1', 27017)      | OK     ( 0.00s) 
13:13:53.904 | n=5450 | primary=('mongo1', 27017)      | OK     ( 0.00s) 
13:13:53.920 | n=5500 | primary=('mongo1', 27017)      | OK     ( 0.00s) 
13:13:53.936 | n=5550 | primary=('mongo1', 27017)      | OK     ( 0.00s) 
13:13:53.951 | n=5600 | primary=('mongo1', 27017)      | OK     ( 0.00s) 
13:13:53.967 | n=5650 | primary=('mongo1', 27017)      | OK     ( 0.00s) 
13:13:53.983 | n=5700 | primary=('mongo1', 27017)      | OK     ( 0.00s) 
13:13:53.999 | n=5750 | primary=('mongo1', 27017)      | OK     ( 0.00s) 
13:13:54.016 | n=5800 | primary=('mongo1', 27017)      | OK     ( 0.00s) 
13:13:54.031 | n=5850 | primary=('mongo1', 27017)      | OK     ( 0.00s) 
13:13:54.046 | n=5900 | primary=('mongo1', 27017)      | OK     ( 0.00s) 
13:13:54.063 | n=5950 | primary=('mongo1', 27017)      | OK     ( 0.00s) 
13:13:54.079 | n=6000 | primary=('mongo1', 27017)      | OK     ( 0.00s) 
13:13:54.095 | n=6050 | primary=('mongo1', 27017)      | OK     ( 0.00s) 
13:13:54.110 | n=6100 | primary=('mongo1', 27017)      | OK     ( 0.00s) 
13:13:54.126 | n=6150 | primary=('mongo1', 27017)      | OK     ( 0.00s) 
13:13:54.141 | n=6200 | primary=('mongo1', 27017)      | OK     ( 0.00s) 
13:13:54.157 | n=6250 | primary=('mongo1', 27017)      | OK     ( 0.00s) 
13:13:54.173 | n=6300 | primary=('mongo1', 27017)      | OK     ( 0.00s) 
13:13:54.189 | n=6350 | primary=('mongo1', 27017)      | OK     ( 0.00s) 
13:13:54.204 | n=6400 | primary=('mongo1', 27017)      | OK     ( 0.00s) 
13:13:54.220 | n=6450 | primary=('mongo1', 27017)      | OK     ( 0.00s) 
13:13:54.236 | n=6500 | primary=('mongo1', 27017)      | OK     ( 0.00s) 
13:13:54.252 | n=6550 | primary=('mongo1', 27017)      | OK     ( 0.00s) 
13:13:54.267 | n=6600 | primary=('mongo1', 27017)      | OK     ( 0.00s) 
13:13:54.283 | n=6650 | primary=('mongo1', 27017)      | OK     ( 0.00s) 
13:13:54.299 | n=6700 | primary=('mongo1', 27017)      | OK     ( 0.00s) 
13:13:54.314 | n=6750 | primary=('mongo1', 27017)      | OK     ( 0.00s) 
13:13:54.330 | n=6800 | primary=('mongo1', 27017)      | OK     ( 0.00s) 
13:13:54.346 | n=6850 | primary=('mongo1', 27017)      | OK     ( 0.00s) 
13:13:54.363 | n=6900 | primary=('mongo1', 27017)      | OK     ( 0.00s) 
13:13:54.378 | n=6950 | primary=('mongo1', 27017)      | OK     ( 0.00s) 
13:13:54.394 | n=7000 | primary=('mongo1', 27017)      | OK     ( 0.00s) 
13:13:54.411 | n=7050 | primary=('mongo1', 27017)      | OK     ( 0.00s) 
13:13:54.426 | n=7100 | primary=('mongo1', 27017)      | OK     ( 0.00s) 
13:13:54.442 | n=7150 | primary=('mongo1', 27017)      | OK     ( 0.00s) 
13:13:54.458 | n=7200 | primary=('mongo1', 27017)      | OK     ( 0.00s) 
13:13:54.474 | n=7250 | primary=('mongo1', 27017)      | OK     ( 0.00s) 
13:13:54.490 | n=7300 | primary=('mongo1', 27017)      | OK     ( 0.00s) 
13:13:54.506 | n=7350 | primary=('mongo1', 27017)      | OK     ( 0.00s) 
13:13:54.522 | n=7400 | primary=('mongo1', 27017)      | OK     ( 0.00s) 
13:13:54.537 | n=7450 | primary=('mongo1', 27017)      | OK     ( 0.00s) 
13:13:54.553 | n=7500 | primary=('mongo1', 27017)      | OK     ( 0.00s) 
13:13:54.569 | n=7550 | primary=('mongo1', 27017)      | OK     ( 0.00s) 
13:13:54.586 | n=7600 | primary=('mongo1', 27017)      | OK     ( 0.00s) 
13:13:54.601 | n=7650 | primary=('mongo1', 27017)      | OK     ( 0.00s) 
13:13:54.617 | n=7700 | primary=('mongo1', 27017)      | OK     ( 0.00s) 
13:13:54.633 | n=7750 | primary=('mongo1', 27017)      | OK     ( 0.00s) 
13:13:54.649 | n=7800 | primary=('mongo1', 27017)      | OK     ( 0.00s) 
13:13:54.665 | n=7850 | primary=('mongo1', 27017)      | OK     ( 0.00s) 
13:13:54.680 | n=7900 | primary=('mongo1', 27017)      | OK     ( 0.00s) 
13:13:54.696 | n=7950 | primary=('mongo1', 27017)      | OK     ( 0.00s) 
13:13:54.712 | n=8000 | primary=('mongo1', 27017)      | OK     ( 0.00s) 
13:13:54.728 | n=8050 | primary=('mongo1', 27017)      | OK     ( 0.00s) 
13:13:54.744 | n=8100 | primary=('mongo1', 27017)      | OK     ( 0.00s) 
13:13:54.759 | n=8150 | primary=('mongo1', 27017)      | OK     ( 0.00s) 
13:13:54.775 | n=8200 | primary=('mongo1', 27017)      | OK     ( 0.00s) 
13:13:54.791 | n=8250 | primary=('mongo1', 27017)      | OK     ( 0.00s) 
13:13:54.806 | n=8300 | primary=('mongo1', 27017)      | OK     ( 0.00s) 
13:13:54.822 | n=8350 | primary=('mongo1', 27017)      | OK     ( 0.00s) 
13:13:54.837 | n=8400 | primary=('mongo1', 27017)      | OK     ( 0.00s) 
13:13:54.853 | n=8450 | primary=('mongo1', 27017)      | OK     ( 0.00s) 
13:13:54.869 | n=8500 | primary=('mongo1', 27017)      | OK     ( 0.00s) 
13:13:54.886 | n=8550 | primary=('mongo1', 27017)      | OK     ( 0.00s) 
13:13:54.901 | n=8600 | primary=('mongo1', 27017)      | OK     ( 0.00s) 
13:13:54.917 | n=8650 | primary=('mongo1', 27017)      | OK     ( 0.00s) 
13:13:54.933 | n=8700 | primary=('mongo1', 27017)      | OK     ( 0.00s) 
13:13:54.948 | n=8750 | primary=('mongo1', 27017)      | OK     ( 0.00s) 
13:13:54.964 | n=8800 | primary=('mongo1', 27017)      | OK     ( 0.00s) 
13:13:54.980 | n=8850 | primary=('mongo1', 27017)      | OK     ( 0.00s) 
13:13:54.995 | n=8900 | primary=('mongo1', 27017)      | OK     ( 0.00s) 
13:13:55.012 | n=8950 | primary=('mongo1', 27017)      | OK     ( 0.00s) 
13:13:55.029 | n=9000 | primary=('mongo1', 27017)      | OK     ( 0.00s) 
13:13:55.045 | n=9050 | primary=('mongo1', 27017)      | OK     ( 0.00s) 
13:13:55.060 | n=9100 | primary=('mongo1', 27017)      | OK     ( 0.00s) 
13:13:55.076 | n=9150 | primary=('mongo1', 27017)      | OK     ( 0.00s) 
13:13:55.092 | n=9200 | primary=('mongo1', 27017)      | OK     ( 0.00s) 
13:13:55.108 | n=9250 | primary=('mongo1', 27017)      | OK     ( 0.00s) 
13:13:55.123 | n=9300 | primary=('mongo1', 27017)      | OK     ( 0.00s) 
13:13:55.139 | n=9350 | primary=('mongo1', 27017)      | OK     ( 0.00s) 
13:13:55.154 | n=9400 | primary=('mongo1', 27017)      | OK     ( 0.00s) 
13:13:55.170 | n=9450 | primary=('mongo1', 27017)      | OK     ( 0.00s) 
13:13:55.185 | n=9500 | primary=('mongo1', 27017)      | OK     ( 0.00s) 
13:13:55.201 | n=9550 | primary=('mongo1', 27017)      | OK     ( 0.00s) 
13:13:55.217 | n=9600 | primary=('mongo1', 27017)      | OK     ( 0.00s) 
13:13:55.235 | n=9650 | primary=('mongo1', 27017)      | OK     ( 0.00s) 
13:13:55.251 | n=9700 | primary=('mongo1', 27017)      | OK     ( 0.00s) 
13:13:55.267 | n=9750 | primary=('mongo1', 27017)      | OK     ( 0.00s) 
13:13:55.283 | n=9800 | primary=('mongo1', 27017)      | OK     ( 0.00s) 
13:13:55.303 | n=9850 | primary=('mongo1', 27017)      | OK     ( 0.00s) 
13:13:55.323 | n=9900 | primary=('mongo1', 27017)      | OK     ( 0.00s) 
13:13:55.340 | n=9950 | primary=('mongo1', 27017)      | OK     ( 0.00s) 
13:13:55.357 | n=10000 | primary=('mongo1', 27017)      | OK     ( 0.00s) 
13:13:55.373 | n=10050 | primary=('mongo1', 27017)      | OK     ( 0.00s) 
13:13:55.388 | n=10100 | primary=('mongo1', 27017)      | OK     ( 0.00s) 
13:13:55.404 | n=10150 | primary=('mongo1', 27017)      | OK     ( 0.00s) 
13:13:55.420 | n=10200 | primary=('mongo1', 27017)      | OK     ( 0.00s) 
13:13:55.436 | n=10250 | primary=('mongo1', 27017)      | OK     ( 0.00s) 
13:13:55.452 | n=10300 | primary=('mongo1', 27017)      | OK     ( 0.00s) 
13:13:55.467 | n=10350 | primary=('mongo1', 27017)      | OK     ( 0.00s) 
13:13:55.483 | n=10400 | primary=('mongo1', 27017)      | OK     ( 0.00s) 
13:13:55.500 | n=10450 | primary=('mongo1', 27017)      | OK     ( 0.00s) 
13:13:55.516 | n=10500 | primary=('mongo1', 27017)      | OK     ( 0.00s) 
13:13:55.533 | n=10550 | primary=('mongo1', 27017)      | OK     ( 0.00s) 
13:13:55.550 | n=10600 | primary=('mongo1', 27017)      | OK     ( 0.00s) 
13:13:55.566 | n=10650 | primary=('mongo1', 27017)      | OK     ( 0.00s) 
13:13:55.582 | n=10700 | primary=('mongo1', 27017)      | OK     ( 0.00s) 
13:13:55.599 | n=10750 | primary=('mongo1', 27017)      | OK     ( 0.00s) 
13:13:55.614 | n=10800 | primary=('mongo1', 27017)      | OK     ( 0.00s) 
13:13:55.630 | n=10850 | primary=('mongo1', 27017)      | OK     ( 0.00s) 
13:13:55.645 | n=10900 | primary=('mongo1', 27017)      | OK     ( 0.00s) 
13:13:55.660 | n=10950 | primary=('mongo1', 27017)      | OK     ( 0.00s) 
13:13:55.676 | n=11000 | primary=('mongo1', 27017)      | OK     ( 0.00s) 
13:13:55.692 | n=11050 | primary=('mongo1', 27017)      | OK     ( 0.00s) 
13:13:55.707 | n=11100 | primary=('mongo1', 27017)      | OK     ( 0.00s) 
13:13:55.723 | n=11150 | primary=('mongo1', 27017)      | OK     ( 0.00s) 
13:13:55.739 | n=11200 | primary=('mongo1', 27017)      | OK     ( 0.00s) 
13:13:55.755 | n=11250 | primary=('mongo1', 27017)      | OK     ( 0.00s) 
13:13:55.772 | n=11300 | primary=('mongo1', 27017)      | OK     ( 0.00s) 
13:13:55.788 | n=11350 | primary=('mongo1', 27017)      | OK     ( 0.00s) 
13:13:55.803 | n=11400 | primary=('mongo1', 27017)      | OK     ( 0.00s) 
13:13:55.819 | n=11450 | primary=('mongo1', 27017)      | OK     ( 0.00s) 
13:13:55.835 | n=11500 | primary=('mongo1', 27017)      | OK     ( 0.00s) 
13:13:55.850 | n=11550 | primary=('mongo1', 27017)      | OK     ( 0.00s) 
13:13:55.866 | n=11600 | primary=('mongo1', 27017)      | OK     ( 0.00s) 
13:13:55.881 | n=11650 | primary=('mongo1', 27017)      | OK     ( 0.00s) 
13:13:55.897 | n=11700 | primary=('mongo1', 27017)      | OK     ( 0.00s) 
13:13:55.912 | n=11750 | primary=('mongo1', 27017)      | OK     ( 0.00s) 
13:13:55.929 | n=11800 | primary=('mongo1', 27017)      | OK     ( 0.00s) 
13:13:55.945 | n=11850 | primary=('mongo1', 27017)      | OK     ( 0.00s) 
13:13:55.961 | n=11900 | primary=('mongo1', 27017)      | OK     ( 0.00s) 
13:13:55.977 | n=11950 | primary=('mongo1', 27017)      | OK     ( 0.00s) 
13:13:55.993 | n=12000 | primary=('mongo1', 27017)      | OK     ( 0.00s) 
13:13:56.009 | n=12050 | primary=('mongo1', 27017)      | OK     ( 0.00s) 
13:13:56.025 | n=12100 | primary=('mongo1', 27017)      | OK     ( 0.00s) 
13:13:56.042 | n=12150 | primary=('mongo1', 27017)      | OK     ( 0.00s) 
13:13:56.058 | n=12200 | primary=('mongo1', 27017)      | OK     ( 0.00s) 
13:13:56.074 | n=12250 | primary=('mongo1', 27017)      | OK     ( 0.00s) 
13:13:56.089 | n=12300 | primary=('mongo1', 27017)      | OK     ( 0.00s) 
13:13:56.105 | n=12350 | primary=('mongo1', 27017)      | OK     ( 0.00s) 
13:13:56.121 | n=12400 | primary=('mongo1', 27017)      | OK     ( 0.00s) 
13:13:56.137 | n=12450 | primary=('mongo1', 27017)      | OK     ( 0.00s) 
13:13:56.153 | n=12500 | primary=('mongo1', 27017)      | OK     ( 0.00s) 
13:13:56.169 | n=12550 | primary=('mongo1', 27017)      | OK     ( 0.00s) 
13:13:56.184 | n=12600 | primary=('mongo1', 27017)      | OK     ( 0.00s) 
13:13:56.200 | n=12650 | primary=('mongo1', 27017)      | OK     ( 0.00s) 
13:13:56.216 | n=12700 | primary=('mongo1', 27017)      | OK     ( 0.00s) 
13:13:56.231 | n=12750 | primary=('mongo1', 27017)      | OK     ( 0.00s) 
13:13:56.247 | n=12800 | primary=('mongo1', 27017)      | OK     ( 0.00s) 
13:13:56.263 | n=12850 | primary=('mongo1', 27017)      | OK     ( 0.00s) 
13:13:56.279 | n=12900 | primary=('mongo1', 27017)      | OK     ( 0.00s) 
13:13:56.295 | n=12950 | primary=('mongo1', 27017)      | OK     ( 0.00s) 
13:13:56.311 | n=13000 | primary=('mongo1', 27017)      | OK     ( 0.00s) 
13:13:56.326 | n=13050 | primary=('mongo1', 27017)      | OK     ( 0.00s) 
13:13:56.343 | n=13100 | primary=('mongo1', 27017)      | OK     ( 0.00s) 
13:13:56.360 | n=13150 | primary=('mongo1', 27017)      | OK     ( 0.00s) 
13:13:56.376 | n=13200 | primary=('mongo1', 27017)      | OK     ( 0.00s) 
13:13:56.391 | n=13250 | primary=('mongo1', 27017)      | OK     ( 0.00s) 
13:13:56.407 | n=13300 | primary=('mongo1', 27017)      | OK     ( 0.00s) 
13:13:56.423 | n=13350 | primary=('mongo1', 27017)      | OK     ( 0.00s) 
13:13:56.439 | n=13400 | primary=('mongo1', 27017)      | OK     ( 0.00s) 
13:13:56.454 | n=13450 | primary=('mongo1', 27017)      | OK     ( 0.00s) 
13:13:56.469 | n=13500 | primary=('mongo1', 27017)      | OK     ( 0.00s) 
13:13:56.486 | n=13550 | primary=('mongo1', 27017)      | OK     ( 0.00s) 
13:13:56.501 | n=13600 | primary=('mongo1', 27017)      | OK     ( 0.00s) 
13:13:56.517 | n=13650 | primary=('mongo1', 27017)      | OK     ( 0.00s) 
13:13:56.533 | n=13700 | primary=('mongo1', 27017)      | OK     ( 0.00s) 
13:13:56.549 | n=13750 | primary=('mongo1', 27017)      | OK     ( 0.00s) 
13:13:56.564 | n=13800 | primary=('mongo1', 27017)      | OK     ( 0.00s) 
13:13:56.580 | n=13850 | primary=('mongo1', 27017)      | OK     ( 0.00s) 
13:13:56.596 | n=13900 | primary=('mongo1', 27017)      | OK     ( 0.00s) 
13:13:56.612 | n=13950 | primary=('mongo1', 27017)      | OK     ( 0.00s) 
13:13:56.628 | n=14000 | primary=('mongo1', 27017)      | OK     ( 0.00s) 
13:13:56.644 | n=14050 | primary=('mongo1', 27017)      | OK     ( 0.00s) 
13:13:56.660 | n=14100 | primary=('mongo1', 27017)      | OK     ( 0.00s) 
13:13:56.676 | n=14150 | primary=('mongo1', 27017)      | OK     ( 0.00s) 
13:13:56.691 | n=14200 | primary=('mongo1', 27017)      | OK     ( 0.00s) 
13:13:56.706 | n=14250 | primary=('mongo1', 27017)      | OK     ( 0.00s) 
13:13:56.722 | n=14300 | primary=('mongo1', 27017)      | OK     ( 0.00s) 
13:13:56.738 | n=14350 | primary=('mongo1', 27017)      | OK     ( 0.00s) 
13:13:56.754 | n=14400 | primary=('mongo1', 27017)      | OK     ( 0.00s) 
13:13:56.770 | n=14450 | primary=('mongo1', 27017)      | OK     ( 0.00s) 
13:13:56.785 | n=14500 | primary=('mongo1', 27017)      | OK     ( 0.00s) 
13:13:56.800 | n=14550 | primary=('mongo1', 27017)      | OK     ( 0.00s) 
13:13:56.816 | n=14600 | primary=('mongo1', 27017)      | OK     ( 0.00s) 
13:13:56.831 | n=14650 | primary=('mongo1', 27017)      | OK     ( 0.00s) 
13:13:56.848 | n=14700 | primary=('mongo1', 27017)      | OK     ( 0.00s) 
13:13:56.864 | n=14750 | primary=('mongo1', 27017)      | OK     ( 0.00s) 
13:13:56.879 | n=14800 | primary=('mongo1', 27017)      | OK     ( 0.00s) 
13:13:56.895 | n=14850 | primary=('mongo1', 27017)      | OK     ( 0.00s) 
13:13:56.910 | n=14900 | primary=('mongo1', 27017)      | OK     ( 0.00s) 
13:13:56.925 | n=14950 | primary=('mongo1', 27017)      | OK     ( 0.00s) 
13:13:56.941 | n=15000 | primary=('mongo1', 27017)      | OK     ( 0.00s) 
13:13:56.957 | n=15050 | primary=('mongo1', 27017)      | OK     ( 0.00s) 
13:13:56.972 | n=15100 | primary=('mongo1', 27017)      | OK     ( 0.00s) 
13:13:56.988 | n=15150 | primary=('mongo1', 27017)      | OK     ( 0.00s) 
13:13:57.004 | n=15200 | primary=('mongo1', 27017)      | OK     ( 0.00s) 
13:13:57.021 | n=15250 | primary=('mongo1', 27017)      | OK     ( 0.00s) 
13:13:57.036 | n=15300 | primary=('mongo1', 27017)      | OK     ( 0.00s) 
13:13:57.052 | n=15350 | primary=('mongo1', 27017)      | OK     ( 0.00s) 
13:13:57.067 | n=15400 | primary=('mongo1', 27017)      | OK     ( 0.00s) 
13:13:57.082 | n=15450 | primary=('mongo1', 27017)      | OK     ( 0.00s) 
13:13:57.098 | n=15500 | primary=('mongo1', 27017)      | OK     ( 0.00s) 
13:13:57.113 | n=15550 | primary=('mongo1', 27017)      | OK     ( 0.00s) 
13:13:57.129 | n=15600 | primary=('mongo1', 27017)      | OK     ( 0.00s) 
13:13:57.144 | n=15650 | primary=('mongo1', 27017)      | OK     ( 0.00s) 
13:13:57.160 | n=15700 | primary=('mongo1', 27017)      | OK     ( 0.00s) 
13:13:57.175 | n=15750 | primary=('mongo1', 27017)      | OK     ( 0.00s) 
13:13:57.191 | n=15800 | primary=('mongo1', 27017)      | OK     ( 0.00s) 
13:13:57.213 | n=15850 | primary=('mongo1', 27017)      | OK     ( 0.00s) 
13:13:57.232 | n=15900 | primary=('mongo1', 27017)      | OK     ( 0.00s) 
13:13:57.247 | n=15950 | primary=('mongo1', 27017)      | OK     ( 0.00s) 
13:13:57.263 | n=16000 | primary=('mongo1', 27017)      | OK     ( 0.00s) 
13:13:57.278 | n=16050 | primary=('mongo1', 27017)      | OK     ( 0.00s) 
13:13:57.293 | n=16100 | primary=('mongo1', 27017)      | OK     ( 0.00s) 
13:13:57.309 | n=16150 | primary=('mongo1', 27017)      | OK     ( 0.00s) 
13:13:57.325 | n=16200 | primary=('mongo1', 27017)      | OK     ( 0.00s) 
13:13:57.342 | n=16250 | primary=('mongo1', 27017)      | OK     ( 0.00s) 
13:13:57.361 | n=16300 | primary=('mongo1', 27017)      | OK     ( 0.00s) 
13:13:57.378 | n=16350 | primary=('mongo1', 27017)      | OK     ( 0.00s) 
13:13:57.394 | n=16400 | primary=('mongo1', 27017)      | OK     ( 0.00s) 
13:13:57.410 | n=16450 | primary=('mongo1', 27017)      | OK     ( 0.00s) 
13:13:57.426 | n=16500 | primary=('mongo1', 27017)      | OK     ( 0.00s) 
13:13:57.442 | n=16550 | primary=('mongo1', 27017)      | OK     ( 0.00s) 
13:13:57.458 | n=16600 | primary=('mongo1', 27017)      | OK     ( 0.00s) 
13:13:57.473 | n=16650 | primary=('mongo1', 27017)      | OK     ( 0.00s) 
13:13:57.490 | n=16700 | primary=('mongo1', 27017)      | OK     ( 0.00s) 
13:13:57.506 | n=16750 | primary=('mongo1', 27017)      | OK     ( 0.00s) 
13:13:57.522 | n=16800 | primary=('mongo1', 27017)      | OK     ( 0.00s) 
13:13:57.539 | n=16850 | primary=('mongo1', 27017)      | OK     ( 0.00s) 
13:13:57.555 | n=16900 | primary=('mongo1', 27017)      | OK     ( 0.00s) 
13:13:57.571 | n=16950 | primary=('mongo1', 27017)      | OK     ( 0.00s) 
13:13:57.587 | n=17000 | primary=('mongo1', 27017)      | OK     ( 0.00s) 
13:13:57.604 | n=17050 | primary=('mongo1', 27017)      | OK     ( 0.00s) 
13:13:57.621 | n=17100 | primary=('mongo1', 27017)      | OK     ( 0.00s) 
13:13:57.639 | n=17150 | primary=('mongo1', 27017)      | OK     ( 0.00s) 
13:13:57.658 | n=17200 | primary=('mongo1', 27017)      | OK     ( 0.00s) 
13:13:57.675 | n=17250 | primary=('mongo1', 27017)      | OK     ( 0.00s) 
13:13:57.691 | n=17300 | primary=('mongo1', 27017)      | OK     ( 0.00s) 
13:13:57.707 | n=17350 | primary=('mongo1', 27017)      | OK     ( 0.00s) 
13:13:57.722 | n=17400 | primary=('mongo1', 27017)      | OK     ( 0.00s) 
13:13:57.738 | n=17450 | primary=('mongo1', 27017)      | OK     ( 0.00s) 
13:13:57.754 | n=17500 | primary=('mongo1', 27017)      | OK     ( 0.00s) 
13:13:57.770 | n=17550 | primary=('mongo1', 27017)      | OK     ( 0.00s) 
13:13:57.786 | n=17600 | primary=('mongo1', 27017)      | OK     ( 0.00s) 
13:13:57.802 | n=17650 | primary=('mongo1', 27017)      | OK     ( 0.00s) 
13:13:57.819 | n=17700 | primary=('mongo1', 27017)      | OK     ( 0.00s) 
13:13:57.834 | n=17750 | primary=('mongo1', 27017)      | OK     ( 0.00s) 
13:13:57.850 | n=17800 | primary=('mongo1', 27017)      | OK     ( 0.00s) 
13:13:57.866 | n=17850 | primary=('mongo1', 27017)      | OK     ( 0.00s) 
13:13:57.881 | n=17900 | primary=('mongo1', 27017)      | OK     ( 0.00s) 
13:13:57.897 | n=17950 | primary=('mongo1', 27017)      | OK     ( 0.00s) 
13:13:57.913 | n=18000 | primary=('mongo1', 27017)      | OK     ( 0.00s) 
13:13:57.929 | n=18050 | primary=('mongo1', 27017)      | OK     ( 0.00s) 
13:13:57.943 | n=18100 | primary=('mongo1', 27017)      | OK     ( 0.00s) 
13:13:57.959 | n=18150 | primary=('mongo1', 27017)      | OK     ( 0.00s) 
13:13:57.975 | n=18200 | primary=('mongo1', 27017)      | OK     ( 0.00s) 
13:13:57.991 | n=18250 | primary=('mongo1', 27017)      | OK     ( 0.00s) 
13:13:58.007 | n=18300 | primary=('mongo1', 27017)      | OK     ( 0.00s) 
13:13:58.023 | n=18350 | primary=('mongo1', 27017)      | OK     ( 0.00s) 
13:13:58.039 | n=18400 | primary=('mongo1', 27017)      | OK     ( 0.00s) 
13:13:58.055 | n=18450 | primary=('mongo1', 27017)      | OK     ( 0.00s) 
13:13:58.071 | n=18500 | primary=('mongo1', 27017)      | OK     ( 0.00s) 
13:13:58.087 | n=18550 | primary=('mongo1', 27017)      | OK     ( 0.00s) 
13:13:58.102 | n=18600 | primary=('mongo1', 27017)      | OK     ( 0.00s) 
13:13:58.118 | n=18650 | primary=('mongo1', 27017)      | OK     ( 0.00s) 
13:13:58.134 | n=18700 | primary=('mongo1', 27017)      | OK     ( 0.00s) 
13:13:58.148 | n=18750 | primary=('mongo1', 27017)      | OK     ( 0.00s) 
13:13:58.164 | n=18800 | primary=('mongo1', 27017)      | OK     ( 0.00s) 
13:13:58.180 | n=18850 | primary=('mongo1', 27017)      | OK     ( 0.00s) 
13:13:58.196 | n=18900 | primary=('mongo1', 27017)      | OK     ( 0.00s) 
13:13:58.211 | n=18950 | primary=('mongo1', 27017)      | OK     ( 0.00s) 
13:13:58.227 | n=19000 | primary=('mongo1', 27017)      | OK     ( 0.00s) 
13:13:58.242 | n=19050 | primary=('mongo1', 27017)      | OK     ( 0.00s) 
13:13:58.258 | n=19100 | primary=('mongo1', 27017)      | OK     ( 0.00s) 
13:13:58.274 | n=19150 | primary=('mongo1', 27017)      | OK     ( 0.00s) 
13:13:58.289 | n=19200 | primary=('mongo1', 27017)      | OK     ( 0.00s) 
13:13:58.304 | n=19250 | primary=('mongo1', 27017)      | OK     ( 0.00s) 
13:13:58.319 | n=19300 | primary=('mongo1', 27017)      | OK     ( 0.00s) 
13:13:58.335 | n=19350 | primary=('mongo1', 27017)      | OK     ( 0.00s) 
13:13:58.351 | n=19400 | primary=('mongo1', 27017)      | OK     ( 0.00s) 
13:13:58.367 | n=19450 | primary=('mongo1', 27017)      | OK     ( 0.00s) 
13:13:58.382 | n=19500 | primary=('mongo1', 27017)      | OK     ( 0.00s) 
13:13:58.398 | n=19550 | primary=('mongo1', 27017)      | OK     ( 0.00s) 
13:13:58.414 | n=19600 | primary=('mongo1', 27017)      | OK     ( 0.00s) 
13:13:58.430 | n=19650 | primary=('mongo1', 27017)      | OK     ( 0.00s) 
13:13:58.446 | n=19700 | primary=('mongo1', 27017)      | OK     ( 0.00s) 
13:13:58.462 | n=19750 | primary=('mongo1', 27017)      | OK     ( 0.00s) 
13:13:58.478 | n=19800 | primary=('mongo1', 27017)      | OK     ( 0.00s) 
13:13:58.493 | n=19850 | primary=('mongo1', 27017)      | OK     ( 0.00s) 
13:13:58.509 | n=19900 | primary=('mongo1', 27017)      | OK     ( 0.00s) 
13:13:58.524 | n=19950 | primary=('mongo1', 27017)      | OK     ( 0.00s) 
13:13:58.541 | n=20000 | primary=('mongo1', 27017)      | OK     ( 0.00s) 
13:13:58.556 | n=20050 | primary=('mongo1', 27017)      | OK     ( 0.00s) 
13:13:58.572 | n=20100 | primary=('mongo1', 27017)      | OK     ( 0.00s) 
13:13:58.588 | n=20150 | primary=('mongo1', 27017)      | OK     ( 0.00s) 
13:13:58.603 | n=20200 | primary=('mongo1', 27017)      | OK     ( 0.00s) 
13:13:58.619 | n=20250 | primary=('mongo1', 27017)      | OK     ( 0.00s) 
13:13:58.634 | n=20300 | primary=('mongo1', 27017)      | OK     ( 0.00s) 
13:13:58.650 | n=20350 | primary=('mongo1', 27017)      | OK     ( 0.00s) 
13:13:58.666 | n=20400 | primary=('mongo1', 27017)      | OK     ( 0.00s) 
13:13:58.682 | n=20450 | primary=('mongo1', 27017)      | OK     ( 0.00s) 
13:13:58.697 | n=20500 | primary=('mongo1', 27017)      | OK     ( 0.00s) 
13:13:58.713 | n=20550 | primary=('mongo1', 27017)      | OK     ( 0.00s) 
13:13:58.729 | n=20600 | primary=('mongo1', 27017)      | OK     ( 0.00s) 
13:13:58.745 | n=20650 | primary=('mongo1', 27017)      | OK     ( 0.00s) 
13:13:58.760 | n=20700 | primary=('mongo1', 27017)      | OK     ( 0.00s) 
13:13:58.776 | n=20750 | primary=('mongo1', 27017)      | OK     ( 0.00s) 
13:13:58.792 | n=20800 | primary=('mongo1', 27017)      | OK     ( 0.00s) 
13:13:58.807 | n=20850 | primary=('mongo1', 27017)      | OK     ( 0.00s) 
13:13:58.823 | n=20900 | primary=('mongo1', 27017)      | OK     ( 0.00s) 
13:13:58.839 | n=20950 | primary=('mongo1', 27017)      | OK     ( 0.00s) 
13:13:58.855 | n=21000 | primary=('mongo1', 27017)      | OK     ( 0.00s) 
13:13:58.870 | n=21050 | primary=('mongo1', 27017)      | OK     ( 0.00s) 
13:13:58.886 | n=21100 | primary=('mongo1', 27017)      | OK     ( 0.00s) 
13:13:58.902 | n=21150 | primary=('mongo1', 27017)      | OK     ( 0.00s) 
13:13:58.917 | n=21200 | primary=('mongo1', 27017)      | OK     ( 0.00s) 
13:13:58.933 | n=21250 | primary=('mongo1', 27017)      | OK     ( 0.00s) 
13:13:58.949 | n=21300 | primary=('mongo1', 27017)      | OK     ( 0.00s) 
13:13:58.964 | n=21350 | primary=('mongo1', 27017)      | OK     ( 0.00s) 
13:13:58.980 | n=21400 | primary=('mongo1', 27017)      | OK     ( 0.00s) 
13:13:58.995 | n=21450 | primary=('mongo1', 27017)      | OK     ( 0.00s) 
13:13:59.011 | n=21500 | primary=('mongo1', 27017)      | OK     ( 0.00s) 
13:13:59.028 | n=21550 | primary=('mongo1', 27017)      | OK     ( 0.00s) 
13:13:59.043 | n=21600 | primary=('mongo1', 27017)      | OK     ( 0.00s) 
13:13:59.058 | n=21650 | primary=('mongo1', 27017)      | OK     ( 0.00s) 
13:13:59.074 | n=21700 | primary=('mongo1', 27017)      | OK     ( 0.00s) 
13:13:59.090 | n=21750 | primary=('mongo1', 27017)      | OK     ( 0.00s) 
13:13:59.107 | n=21800 | primary=('mongo1', 27017)      | OK     ( 0.00s) 
13:13:59.122 | n=21850 | primary=('mongo1', 27017)      | OK     ( 0.00s) 
13:13:59.138 | n=21900 | primary=('mongo1', 27017)      | OK     ( 0.00s) 
13:13:59.153 | n=21950 | primary=('mongo1', 27017)      | OK     ( 0.00s) 
13:13:59.168 | n=22000 | primary=('mongo1', 27017)      | OK     ( 0.00s) 
13:13:59.184 | n=22050 | primary=('mongo1', 27017)      | OK     ( 0.00s) 
13:13:59.199 | n=22100 | primary=('mongo1', 27017)      | OK     ( 0.00s) 
13:13:59.215 | n=22150 | primary=('mongo1', 27017)      | OK     ( 0.00s) 
13:13:59.231 | n=22200 | primary=('mongo1', 27017)      | OK     ( 0.00s) 
13:13:59.247 | n=22250 | primary=('mongo1', 27017)      | OK     ( 0.00s) 
13:13:59.262 | n=22300 | primary=('mongo1', 27017)      | OK     ( 0.00s) 
13:13:59.279 | n=22350 | primary=('mongo1', 27017)      | OK     ( 0.00s) 
13:13:59.297 | n=22400 | primary=('mongo1', 27017)      | OK     ( 0.00s) 
13:13:59.315 | n=22450 | primary=('mongo1', 27017)      | OK     ( 0.00s) 
13:13:59.332 | n=22500 | primary=('mongo1', 27017)      | OK     ( 0.00s) 
13:13:59.349 | n=22550 | primary=('mongo1', 27017)      | OK     ( 0.00s) 
13:13:59.365 | n=22600 | primary=('mongo1', 27017)      | OK     ( 0.00s) 
13:13:59.381 | n=22650 | primary=('mongo1', 27017)      | OK     ( 0.00s) 
13:13:59.398 | n=22700 | primary=('mongo1', 27017)      | OK     ( 0.00s) 
13:13:59.413 | n=22750 | primary=('mongo1', 27017)      | OK     ( 0.00s) 
13:13:59.428 | n=22800 | primary=('mongo1', 27017)      | OK     ( 0.00s) 
13:13:59.444 | n=22850 | primary=('mongo1', 27017)      | OK     ( 0.00s) 
13:13:59.460 | n=22900 | primary=('mongo1', 27017)      | OK     ( 0.00s) 
13:13:59.476 | n=22950 | primary=('mongo1', 27017)      | OK     ( 0.00s) 
13:13:59.492 | n=23000 | primary=('mongo1', 27017)      | OK     ( 0.00s) 
13:13:59.507 | n=23050 | primary=('mongo1', 27017)      | OK     ( 0.00s) 
13:13:59.523 | n=23100 | primary=('mongo1', 27017)      | OK     ( 0.00s) 
13:13:59.538 | n=23150 | primary=('mongo1', 27017)      | OK     ( 0.00s) 
13:13:59.554 | n=23200 | primary=('mongo1', 27017)      | OK     ( 0.00s) 
13:13:59.570 | n=23250 | primary=('mongo1', 27017)      | OK     ( 0.00s) 
13:13:59.585 | n=23300 | primary=('mongo1', 27017)      | OK     ( 0.00s) 
13:13:59.601 | n=23350 | primary=('mongo1', 27017)      | OK     ( 0.00s) 
13:13:59.617 | n=23400 | primary=('mongo1', 27017)      | OK     ( 0.00s) 
13:13:59.633 | n=23450 | primary=('mongo1', 27017)      | OK     ( 0.00s) 
13:13:59.649 | n=23500 | primary=('mongo1', 27017)      | OK     ( 0.00s) 
13:13:59.664 | n=23550 | primary=('mongo1', 27017)      | OK     ( 0.00s) 
13:13:59.680 | n=23600 | primary=('mongo1', 27017)      | OK     ( 0.00s) 
13:13:59.697 | n=23650 | primary=('mongo1', 27017)      | OK     ( 0.00s) 
13:13:59.713 | n=23700 | primary=('mongo1', 27017)      | OK     ( 0.00s) 
13:13:59.730 | n=23750 | primary=('mongo1', 27017)      | OK     ( 0.00s) 
13:13:59.748 | n=23800 | primary=('mongo1', 27017)      | OK     ( 0.00s) 
13:13:59.764 | n=23850 | primary=('mongo1', 27017)      | OK     ( 0.00s) 
13:13:59.781 | n=23900 | primary=('mongo1', 27017)      | OK     ( 0.00s) 
13:13:59.797 | n=23950 | primary=('mongo1', 27017)      | OK     ( 0.00s) 
13:13:59.814 | n=24000 | primary=('mongo1', 27017)      | OK     ( 0.00s) 
13:13:59.829 | n=24050 | primary=('mongo1', 27017)      | OK     ( 0.00s) 
13:13:59.845 | n=24100 | primary=('mongo1', 27017)      | OK     ( 0.00s) 
13:13:59.860 | n=24150 | primary=('mongo1', 27017)      | OK     ( 0.00s) 
13:13:59.876 | n=24200 | primary=('mongo1', 27017)      | OK     ( 0.00s) 
13:13:59.891 | n=24250 | primary=('mongo1', 27017)      | OK     ( 0.00s) 
13:13:59.907 | n=24300 | primary=('mongo1', 27017)      | OK     ( 0.00s) 
13:13:59.923 | n=24350 | primary=('mongo1', 27017)      | OK     ( 0.00s) 
13:13:59.939 | n=24400 | primary=('mongo1', 27017)      | OK     ( 0.00s) 
13:13:59.956 | n=24450 | primary=('mongo1', 27017)      | OK     ( 0.00s) 
13:13:59.971 | n=24500 | primary=('mongo1', 27017)      | OK     ( 0.00s) 
13:13:59.988 | n=24550 | primary=('mongo1', 27017)      | OK     ( 0.00s) 
13:14:00.004 | n=24600 | primary=('mongo1', 27017)      | OK     ( 0.00s) 
13:14:00.021 | n=24650 | primary=('mongo1', 27017)      | OK     ( 0.00s) 
13:14:00.037 | n=24700 | primary=('mongo1', 27017)      | OK     ( 0.00s) 
13:14:00.053 | n=24750 | primary=('mongo1', 27017)      | OK     ( 0.00s) 
13:14:00.069 | n=24800 | primary=('mongo1', 27017)      | OK     ( 0.00s) 
13:14:00.084 | n=24850 | primary=('mongo1', 27017)      | OK     ( 0.00s) 
13:14:00.099 | n=24900 | primary=('mongo1', 27017)      | OK     ( 0.00s) 
13:14:00.116 | n=24950 | primary=('mongo1', 27017)      | OK     ( 0.00s) 
13:14:00.131 | n=25000 | primary=('mongo1', 27017)      | OK     ( 0.00s) 
13:14:00.147 | n=25050 | primary=('mongo1', 27017)      | OK     ( 0.00s) 
13:14:00.163 | n=25100 | primary=('mongo1', 27017)      | OK     ( 0.00s) 
13:14:00.178 | n=25150 | primary=('mongo1', 27017)      | OK     ( 0.00s) 
13:14:00.195 | n=25200 | primary=('mongo1', 27017)      | OK     ( 0.00s) 
13:14:00.211 | n=25250 | primary=('mongo1', 27017)      | OK     ( 0.00s) 
13:14:00.228 | n=25300 | primary=('mongo1', 27017)      | OK     ( 0.00s) 
13:14:00.243 | n=25350 | primary=('mongo1', 27017)      | OK     ( 0.00s) 
13:14:00.259 | n=25400 | primary=('mongo1', 27017)      | OK     ( 0.00s) 
13:14:00.275 | n=25450 | primary=('mongo1', 27017)      | OK     ( 0.00s) 
13:14:00.291 | n=25500 | primary=('mongo1', 27017)      | OK     ( 0.00s) 
13:14:00.307 | n=25550 | primary=('mongo1', 27017)      | OK     ( 0.00s) 
13:14:00.323 | n=25600 | primary=('mongo1', 27017)      | OK     ( 0.00s) 
13:14:00.339 | n=25650 | primary=('mongo1', 27017)      | OK     ( 0.00s) 
13:14:00.354 | n=25700 | primary=('mongo1', 27017)      | OK     ( 0.00s) 
13:14:00.370 | n=25750 | primary=('mongo1', 27017)      | OK     ( 0.00s) 
13:14:00.386 | n=25800 | primary=('mongo1', 27017)      | OK     ( 0.00s) 
13:14:00.402 | n=25850 | primary=('mongo1', 27017)      | OK     ( 0.00s) 
13:14:00.418 | n=25900 | primary=('mongo1', 27017)      | OK     ( 0.00s) 
13:14:00.434 | n=25950 | primary=('mongo1', 27017)      | OK     ( 0.00s) 
13:14:00.450 | n=26000 | primary=('mongo1', 27017)      | OK     ( 0.00s) 
13:14:00.466 | n=26050 | primary=('mongo1', 27017)      | OK     ( 0.00s) 
13:14:00.481 | n=26100 | primary=('mongo1', 27017)      | OK     ( 0.00s) 
13:14:00.497 | n=26150 | primary=('mongo1', 27017)      | OK     ( 0.00s) 
13:14:00.512 | n=26200 | primary=('mongo1', 27017)      | OK     ( 0.00s) 
13:14:00.528 | n=26250 | primary=('mongo1', 27017)      | OK     ( 0.00s) 
13:14:00.544 | n=26300 | primary=('mongo1', 27017)      | OK     ( 0.00s) 
13:14:00.561 | n=26350 | primary=('mongo1', 27017)      | OK     ( 0.00s) 
13:14:00.577 | n=26400 | primary=('mongo1', 27017)      | OK     ( 0.00s) 
13:14:00.592 | n=26450 | primary=('mongo1', 27017)      | OK     ( 0.00s) 
13:14:00.609 | n=26500 | primary=('mongo1', 27017)      | OK     ( 0.00s) 
13:14:00.624 | n=26550 | primary=('mongo1', 27017)      | OK     ( 0.00s) 
13:14:00.640 | n=26600 | primary=('mongo1', 27017)      | OK     ( 0.00s) 
13:14:00.656 | n=26650 | primary=('mongo1', 27017)      | OK     ( 0.00s) 
13:14:00.671 | n=26700 | primary=('mongo1', 27017)      | OK     ( 0.00s) 
13:14:00.687 | n=26750 | primary=('mongo1', 27017)      | OK     ( 0.00s) 
13:14:00.702 | n=26800 | primary=('mongo1', 27017)      | OK     ( 0.00s) 
13:14:00.718 | n=26850 | primary=('mongo1', 27017)      | OK     ( 0.00s) 
13:14:00.734 | n=26900 | primary=('mongo1', 27017)      | OK     ( 0.00s) 
13:14:00.750 | n=26950 | primary=('mongo1', 27017)      | OK     ( 0.00s) 
13:14:00.765 | n=27000 | primary=('mongo1', 27017)      | OK     ( 0.00s) 
13:14:00.781 | n=27050 | primary=('mongo1', 27017)      | OK     ( 0.00s) 
13:14:00.797 | n=27100 | primary=('mongo1', 27017)      | OK     ( 0.00s) 
13:14:00.813 | n=27150 | primary=('mongo1', 27017)      | OK     ( 0.00s) 
13:14:00.828 | n=27200 | primary=('mongo1', 27017)      | OK     ( 0.00s) 
13:14:00.844 | n=27250 | primary=('mongo1', 27017)      | OK     ( 0.00s) 
13:14:00.860 | n=27300 | primary=('mongo1', 27017)      | OK     ( 0.00s) 
13:14:00.876 | n=27350 | primary=('mongo1', 27017)      | OK     ( 0.00s) 
13:14:00.891 | n=27400 | primary=('mongo1', 27017)      | OK     ( 0.00s) 
13:14:00.907 | n=27450 | primary=('mongo1', 27017)      | OK     ( 0.00s) 
13:14:00.922 | n=27500 | primary=('mongo1', 27017)      | OK     ( 0.00s) 
13:14:00.938 | n=27550 | primary=('mongo1', 27017)      | OK     ( 0.00s) 
13:14:00.953 | n=27600 | primary=('mongo1', 27017)      | OK     ( 0.00s) 
13:14:00.968 | n=27650 | primary=('mongo1', 27017)      | OK     ( 0.00s) 
13:14:00.984 | n=27700 | primary=('mongo1', 27017)      | OK     ( 0.00s) 
13:14:01.000 | n=27750 | primary=('mongo1', 27017)      | OK     ( 0.00s) 
13:14:01.017 | n=27800 | primary=('mongo1', 27017)      | OK     ( 0.00s) 
13:14:01.032 | n=27850 | primary=('mongo1', 27017)      | OK     ( 0.00s) 
13:14:01.047 | n=27900 | primary=('mongo1', 27017)      | OK     ( 0.00s) 
13:14:01.063 | n=27950 | primary=('mongo1', 27017)      | OK     ( 0.00s) 
13:14:01.078 | n=28000 | primary=('mongo1', 27017)      | OK     ( 0.00s) 
13:14:01.095 | n=28050 | primary=('mongo1', 27017)      | OK     ( 0.00s) 
13:14:01.110 | n=28100 | primary=('mongo1', 27017)      | OK     ( 0.00s) 
13:14:01.126 | n=28150 | primary=('mongo1', 27017)      | OK     ( 0.00s) 
13:14:01.141 | n=28200 | primary=('mongo1', 27017)      | OK     ( 0.00s) 
13:14:01.158 | n=28250 | primary=('mongo1', 27017)      | OK     ( 0.00s) 
13:14:01.173 | n=28300 | primary=('mongo1', 27017)      | OK     ( 0.00s) 
13:14:01.189 | n=28350 | primary=('mongo1', 27017)      | OK     ( 0.00s) 
13:14:01.204 | n=28400 | primary=('mongo1', 27017)      | OK     ( 0.00s) 
13:14:01.220 | n=28450 | primary=('mongo1', 27017)      | OK     ( 0.00s) 
13:14:01.236 | n=28500 | primary=('mongo1', 27017)      | OK     ( 0.00s) 
13:14:01.252 | n=28550 | primary=('mongo1', 27017)      | OK     ( 0.00s) 
13:14:01.268 | n=28600 | primary=('mongo1', 27017)      | OK     ( 0.00s) 
13:14:01.283 | n=28650 | primary=('mongo1', 27017)      | OK     ( 0.00s) 
13:14:01.299 | n=28700 | primary=('mongo1', 27017)      | OK     ( 0.00s) 
13:14:01.314 | n=28750 | primary=('mongo1', 27017)      | OK     ( 0.00s) 
13:14:01.330 | n=28800 | primary=('mongo1', 27017)      | OK     ( 0.00s) 
13:14:01.346 | n=28850 | primary=('mongo1', 27017)      | OK     ( 0.00s) 
13:14:01.362 | n=28900 | primary=('mongo1', 27017)      | OK     ( 0.00s) 
13:14:01.378 | n=28950 | primary=('mongo1', 27017)      | OK     ( 0.00s) 
13:14:01.394 | n=29000 | primary=('mongo1', 27017)      | OK     ( 0.00s) 
13:14:01.410 | n=29050 | primary=('mongo1', 27017)      | OK     ( 0.00s) 
13:14:01.427 | n=29100 | primary=('mongo1', 27017)      | OK     ( 0.00s) 
13:14:01.442 | n=29150 | primary=('mongo1', 27017)      | OK     ( 0.00s) 
13:14:01.457 | n=29200 | primary=('mongo1', 27017)      | OK     ( 0.00s) 
13:14:01.472 | n=29250 | primary=('mongo1', 27017)      | OK     ( 0.00s) 
13:14:01.488 | n=29300 | primary=('mongo1', 27017)      | OK     ( 0.00s) 
13:14:01.503 | n=29350 | primary=('mongo1', 27017)      | OK     ( 0.00s) 
13:14:01.519 | n=29400 | primary=('mongo1', 27017)      | OK     ( 0.00s) 
13:14:01.534 | n=29450 | primary=('mongo1', 27017)      | OK     ( 0.00s) 
13:14:01.550 | n=29500 | primary=('mongo1', 27017)      | OK     ( 0.00s) 
13:14:01.566 | n=29550 | primary=('mongo1', 27017)      | OK     ( 0.00s) 
13:14:01.582 | n=29600 | primary=('mongo1', 27017)      | OK     ( 0.00s) 
13:14:01.598 | n=29650 | primary=('mongo1', 27017)      | OK     ( 0.00s) 
13:14:01.614 | n=29700 | primary=('mongo1', 27017)      | OK     ( 0.00s) 
13:14:01.630 | n=29750 | primary=('mongo1', 27017)      | OK     ( 0.00s) 
13:14:01.645 | n=29800 | primary=('mongo1', 27017)      | OK     ( 0.00s) 
13:14:01.661 | n=29850 | primary=('mongo1', 27017)      | OK     ( 0.00s) 
13:14:01.676 | n=29900 | primary=('mongo1', 27017)      | OK     ( 0.00s) 
13:14:01.692 | n=29950 | primary=('mongo1', 27017)      | OK     ( 0.00s) 
13:14:01.708 | n=30000 | primary=('mongo1', 27017)      | OK     ( 0.00s) 
13:14:01.724 | n=30050 | primary=('mongo1', 27017)      | OK     ( 0.00s) 
13:14:01.740 | n=30100 | primary=('mongo1', 27017)      | OK     ( 0.00s) 
13:14:01.755 | n=30150 | primary=('mongo1', 27017)      | OK     ( 0.00s) 
13:14:01.772 | n=30200 | primary=('mongo1', 27017)      | OK     ( 0.00s) 
13:14:01.787 | n=30250 | primary=('mongo1', 27017)      | OK     ( 0.00s) 
13:14:01.802 | n=30300 | primary=('mongo1', 27017)      | OK     ( 0.00s) 
13:14:01.818 | n=30350 | primary=('mongo1', 27017)      | OK     ( 0.00s) 
13:14:01.835 | n=30400 | primary=('mongo1', 27017)      | OK     ( 0.00s) 
13:14:01.852 | n=30450 | primary=('mongo1', 27017)      | OK     ( 0.00s) 
13:14:01.870 | n=30500 | primary=('mongo1', 27017)      | OK     ( 0.00s) 
13:14:01.887 | n=30550 | primary=('mongo1', 27017)      | OK     ( 0.00s) 
13:14:01.904 | n=30600 | primary=('mongo1', 27017)      | OK     ( 0.00s) 
13:14:01.921 | n=30650 | primary=('mongo1', 27017)      | OK     ( 0.00s) 
13:14:01.937 | n=30700 | primary=('mongo1', 27017)      | OK     ( 0.00s) 
13:14:01.952 | n=30750 | primary=('mongo1', 27017)      | OK     ( 0.00s) 
13:14:01.967 | n=30800 | primary=('mongo1', 27017)      | OK     ( 0.00s) 
13:14:01.983 | n=30850 | primary=('mongo1', 27017)      | OK     ( 0.00s) 
13:14:01.998 | n=30900 | primary=('mongo1', 27017)      | OK     ( 0.00s) 
13:14:02.014 | n=30950 | primary=('mongo1', 27017)      | OK     ( 0.00s) 
13:14:02.031 | n=31000 | primary=('mongo1', 27017)      | OK     ( 0.00s) 
13:14:02.047 | n=31050 | primary=('mongo1', 27017)      | OK     ( 0.00s) 
13:14:02.063 | n=31100 | primary=('mongo1', 27017)      | OK     ( 0.00s) 
13:14:02.079 | n=31150 | primary=('mongo1', 27017)      | OK     ( 0.00s) 
13:14:02.094 | n=31200 | primary=('mongo1', 27017)      | OK     ( 0.00s) 
13:14:02.110 | n=31250 | primary=('mongo1', 27017)      | OK     ( 0.00s) 
13:14:02.126 | n=31300 | primary=('mongo1', 27017)      | OK     ( 0.00s) 
13:14:02.142 | n=31350 | primary=('mongo1', 27017)      | OK     ( 0.00s) 
13:14:02.157 | n=31400 | primary=('mongo1', 27017)      | OK     ( 0.00s) 
13:14:02.173 | n=31450 | primary=('mongo1', 27017)      | OK     ( 0.00s) 
13:14:02.188 | n=31500 | primary=('mongo1', 27017)      | OK     ( 0.00s) 
13:14:02.204 | n=31550 | primary=('mongo1', 27017)      | OK     ( 0.00s) 
13:14:02.219 | n=31600 | primary=('mongo1', 27017)      | OK     ( 0.00s) 
13:14:02.235 | n=31650 | primary=('mongo1', 27017)      | OK     ( 0.00s) 
13:14:02.251 | n=31700 | primary=('mongo1', 27017)      | OK     ( 0.00s) 
13:14:02.266 | n=31750 | primary=('mongo1', 27017)      | OK     ( 0.00s) 
13:14:02.282 | n=31800 | primary=('mongo1', 27017)      | OK     ( 0.00s) 
13:14:02.298 | n=31850 | primary=('mongo1', 27017)      | OK     ( 0.00s) 
13:14:02.313 | n=31900 | primary=('mongo1', 27017)      | OK     ( 0.00s) 
13:14:02.329 | n=31950 | primary=('mongo1', 27017)      | OK     ( 0.00s) 
13:14:02.344 | n=32000 | primary=('mongo1', 27017)      | OK     ( 0.00s) 
13:14:02.360 | n=32050 | primary=('mongo1', 27017)      | OK     ( 0.00s) 
13:14:02.376 | n=32100 | primary=('mongo1', 27017)      | OK     ( 0.00s) 
13:14:02.392 | n=32150 | primary=('mongo1', 27017)      | OK     ( 0.00s) 
13:14:02.407 | n=32200 | primary=('mongo1', 27017)      | OK     ( 0.00s) 
13:14:02.424 | n=32250 | primary=('mongo1', 27017)      | OK     ( 0.00s) 
13:14:02.440 | n=32300 | primary=('mongo1', 27017)      | OK     ( 0.00s) 
13:14:02.456 | n=32350 | primary=('mongo1', 27017)      | OK     ( 0.00s) 
13:14:02.471 | n=32400 | primary=('mongo1', 27017)      | OK     ( 0.00s) 
13:14:02.487 | n=32450 | primary=('mongo1', 27017)      | OK     ( 0.00s) 
13:14:02.502 | n=32500 | primary=('mongo1', 27017)      | OK     ( 0.00s) 
13:14:02.518 | n=32550 | primary=('mongo1', 27017)      | OK     ( 0.00s) 
13:14:02.534 | n=32600 | primary=('mongo1', 27017)      | OK     ( 0.00s) 
13:14:02.550 | n=32650 | primary=('mongo1', 27017)      | OK     ( 0.00s) 
13:14:02.565 | n=32700 | primary=('mongo1', 27017)      | OK     ( 0.00s) 
13:14:02.581 | n=32750 | primary=('mongo1', 27017)      | OK     ( 0.00s) 
13:14:02.596 | n=32800 | primary=('mongo1', 27017)      | OK     ( 0.00s) 
13:14:02.612 | n=32850 | primary=('mongo1', 27017)      | OK     ( 0.00s) 
13:14:02.628 | n=32900 | primary=('mongo1', 27017)      | OK     ( 0.00s) 
13:14:02.643 | n=32950 | primary=('mongo1', 27017)      | OK     ( 0.00s) 
13:14:02.659 | n=33000 | primary=('mongo1', 27017)      | OK     ( 0.00s) 
13:14:02.675 | n=33050 | primary=('mongo1', 27017)      | OK     ( 0.00s) 
13:14:02.691 | n=33100 | primary=('mongo1', 27017)      | OK     ( 0.00s) 
13:14:02.707 | n=33150 | primary=('mongo1', 27017)      | OK     ( 0.00s) 
13:14:02.722 | n=33200 | primary=('mongo1', 27017)      | OK     ( 0.00s) 
13:14:02.738 | n=33250 | primary=('mongo1', 27017)      | OK     ( 0.00s) 
13:14:02.753 | n=33300 | primary=('mongo1', 27017)      | OK     ( 0.00s) 
13:14:02.769 | n=33350 | primary=('mongo1', 27017)      | OK     ( 0.00s) 
13:14:02.785 | n=33400 | primary=('mongo1', 27017)      | OK     ( 0.00s) 
13:14:02.801 | n=33450 | primary=('mongo1', 27017)      | OK     ( 0.00s) 
13:14:02.817 | n=33500 | primary=('mongo1', 27017)      | OK     ( 0.00s) 
13:14:02.833 | n=33550 | primary=('mongo1', 27017)      | OK     ( 0.00s) 
13:14:02.848 | n=33600 | primary=('mongo1', 27017)      | OK     ( 0.00s) 
13:14:02.864 | n=33650 | primary=('mongo1', 27017)      | OK     ( 0.00s) 
13:14:02.880 | n=33700 | primary=('mongo1', 27017)      | OK     ( 0.00s) 
13:14:02.895 | n=33750 | primary=('mongo1', 27017)      | OK     ( 0.00s) 
13:14:02.910 | n=33800 | primary=('mongo1', 27017)      | OK     ( 0.00s) 
13:14:02.926 | n=33850 | primary=('mongo1', 27017)      | OK     ( 0.00s) 
13:14:02.941 | n=33900 | primary=('mongo1', 27017)      | OK     ( 0.00s) 
13:14:02.957 | n=33950 | primary=('mongo1', 27017)      | OK     ( 0.00s) 
13:14:02.972 | n=34000 | primary=('mongo1', 27017)      | OK     ( 0.00s) 
13:14:02.989 | n=34050 | primary=('mongo1', 27017)      | OK     ( 0.00s) 
13:14:03.005 | n=34100 | primary=('mongo1', 27017)      | OK     ( 0.00s) 
13:14:03.021 | n=34150 | primary=('mongo1', 27017)      | OK     ( 0.00s) 
13:14:03.036 | n=34200 | primary=('mongo1', 27017)      | OK     ( 0.00s) 
13:14:03.052 | n=34250 | primary=('mongo1', 27017)      | OK     ( 0.00s) 
13:14:03.068 | n=34300 | primary=('mongo1', 27017)      | OK     ( 0.00s) 
13:14:03.083 | n=34350 | primary=('mongo1', 27017)      | OK     ( 0.00s) 
13:14:03.099 | n=34400 | primary=('mongo1', 27017)      | OK     ( 0.00s) 
13:14:03.115 | n=34450 | primary=('mongo1', 27017)      | OK     ( 0.00s) 
13:14:03.130 | n=34500 | primary=('mongo1', 27017)      | OK     ( 0.00s) 
13:14:03.146 | n=34550 | primary=('mongo1', 27017)      | OK     ( 0.00s) 
13:14:03.161 | n=34600 | primary=('mongo1', 27017)      | OK     ( 0.00s) 
13:14:03.177 | n=34650 | primary=('mongo1', 27017)      | OK     ( 0.00s) 
13:14:03.192 | n=34700 | primary=('mongo1', 27017)      | OK     ( 0.00s) 
13:14:03.208 | n=34750 | primary=('mongo1', 27017)      | OK     ( 0.00s) 
13:14:03.224 | n=34800 | primary=('mongo1', 27017)      | OK     ( 0.00s) 
13:14:03.240 | n=34850 | primary=('mongo1', 27017)      | OK     ( 0.00s) 
13:14:03.255 | n=34900 | primary=('mongo1', 27017)      | OK     ( 0.00s) 
13:14:03.271 | n=34950 | primary=('mongo1', 27017)      | OK     ( 0.00s) 
13:14:03.286 | n=35000 | primary=('mongo1', 27017)      | OK     ( 0.00s) 
13:14:03.302 | n=35050 | primary=('mongo1', 27017)      | OK     ( 0.00s) 
13:14:03.318 | n=35100 | primary=('mongo1', 27017)      | OK     ( 0.00s) 
13:14:03.333 | n=35150 | primary=('mongo1', 27017)      | OK     ( 0.00s) 
13:14:03.349 | n=35200 | primary=('mongo1', 27017)      | OK     ( 0.00s) 
13:14:03.365 | n=35250 | primary=('mongo1', 27017)      | OK     ( 0.00s) 
13:14:03.381 | n=35300 | primary=('mongo1', 27017)      | OK     ( 0.00s) 
13:14:03.397 | n=35350 | primary=('mongo1', 27017)      | OK     ( 0.00s) 
13:14:03.413 | n=35400 | primary=('mongo1', 27017)      | OK     ( 0.00s) 
13:14:03.429 | n=35450 | primary=('mongo1', 27017)      | OK     ( 0.00s) 
13:14:03.444 | n=35500 | primary=('mongo1', 27017)      | OK     ( 0.00s) 
13:14:03.460 | n=35550 | primary=('mongo1', 27017)      | OK     ( 0.00s) 
13:14:03.476 | n=35600 | primary=('mongo1', 27017)      | OK     ( 0.00s) 
13:14:03.491 | n=35650 | primary=('mongo1', 27017)      | OK     ( 0.00s) 
13:14:03.507 | n=35700 | primary=('mongo1', 27017)      | OK     ( 0.00s) 
13:14:03.523 | n=35750 | primary=('mongo1', 27017)      | OK     ( 0.00s) 
13:14:03.539 | n=35800 | primary=('mongo1', 27017)      | OK     ( 0.00s) 
13:14:03.555 | n=35850 | primary=('mongo1', 27017)      | OK     ( 0.00s) 
13:14:03.570 | n=35900 | primary=('mongo1', 27017)      | OK     ( 0.00s) 
13:14:03.587 | n=35950 | primary=('mongo1', 27017)      | OK     ( 0.00s) 
13:14:03.603 | n=36000 | primary=('mongo1', 27017)      | OK     ( 0.00s) 
13:14:03.619 | n=36050 | primary=('mongo1', 27017)      | OK     ( 0.00s) 
13:14:03.635 | n=36100 | primary=('mongo1', 27017)      | OK     ( 0.00s) 
13:14:03.651 | n=36150 | primary=('mongo1', 27017)      | OK     ( 0.00s) 
13:14:03.666 | n=36200 | primary=('mongo1', 27017)      | OK     ( 0.00s) 
13:14:03.682 | n=36250 | primary=('mongo1', 27017)      | OK     ( 0.00s) 
13:14:03.698 | n=36300 | primary=('mongo1', 27017)      | OK     ( 0.00s) 
13:14:03.713 | n=36350 | primary=('mongo1', 27017)      | OK     ( 0.00s) 
13:14:03.730 | n=36400 | primary=('mongo1', 27017)      | OK     ( 0.00s) 
13:14:03.746 | n=36450 | primary=('mongo1', 27017)      | OK     ( 0.00s) 
13:14:03.762 | n=36500 | primary=('mongo1', 27017)      | OK     ( 0.00s) 
13:14:03.778 | n=36550 | primary=('mongo1', 27017)      | OK     ( 0.00s) 
13:14:03.793 | n=36600 | primary=('mongo1', 27017)      | OK     ( 0.00s) 
13:14:03.810 | n=36650 | primary=('mongo1', 27017)      | OK     ( 0.00s) 
13:14:03.826 | n=36700 | primary=('mongo1', 27017)      | OK     ( 0.00s) 
13:14:03.842 | n=36750 | primary=('mongo1', 27017)      | OK     ( 0.00s) 
13:14:03.858 | n=36800 | primary=('mongo1', 27017)      | OK     ( 0.00s) 
13:14:03.874 | n=36850 | primary=('mongo1', 27017)      | OK     ( 0.00s) 
13:14:03.889 | n=36900 | primary=('mongo1', 27017)      | OK     ( 0.00s) 
13:14:03.905 | n=36950 | primary=('mongo1', 27017)      | OK     ( 0.00s) 
13:14:03.921 | n=37000 | primary=('mongo1', 27017)      | OK     ( 0.00s) 
13:14:03.938 | n=37050 | primary=('mongo1', 27017)      | OK     ( 0.00s) 
13:14:03.955 | n=37100 | primary=('mongo1', 27017)      | OK     ( 0.00s) 
13:14:03.973 | n=37150 | primary=('mongo1', 27017)      | OK     ( 0.00s) 
13:14:03.991 | n=37200 | primary=('mongo1', 27017)      | OK     ( 0.00s) 
13:14:04.007 | n=37250 | primary=('mongo1', 27017)      | OK     ( 0.00s) 
13:14:04.023 | n=37300 | primary=('mongo1', 27017)      | OK     ( 0.00s) 
13:14:04.039 | n=37350 | primary=('mongo1', 27017)      | OK     ( 0.00s) 
13:14:04.054 | n=37400 | primary=('mongo1', 27017)      | OK     ( 0.00s) 
13:14:04.070 | n=37450 | primary=('mongo1', 27017)      | OK     ( 0.00s) 
13:14:04.086 | n=37500 | primary=('mongo1', 27017)      | OK     ( 0.00s) 
13:14:04.102 | n=37550 | primary=('mongo1', 27017)      | OK     ( 0.00s) 
13:14:04.118 | n=37600 | primary=('mongo1', 27017)      | OK     ( 0.00s) 
13:14:04.134 | n=37650 | primary=('mongo1', 27017)      | OK     ( 0.00s) 
13:14:04.149 | n=37700 | primary=('mongo1', 27017)      | OK     ( 0.00s) 
13:14:04.165 | n=37750 | primary=('mongo1', 27017)      | OK     ( 0.00s) 
13:14:04.182 | n=37800 | primary=('mongo1', 27017)      | OK     ( 0.00s) 
13:14:04.198 | n=37850 | primary=('mongo1', 27017)      | OK     ( 0.00s) 
13:14:04.213 | n=37900 | primary=('mongo1', 27017)      | OK     ( 0.00s) 
13:14:04.230 | n=37950 | primary=('mongo1', 27017)      | OK     ( 0.00s) 
13:14:04.245 | n=38000 | primary=('mongo1', 27017)      | OK     ( 0.00s) 
13:14:04.262 | n=38050 | primary=('mongo1', 27017)      | OK     ( 0.00s) 
13:14:04.278 | n=38100 | primary=('mongo1', 27017)      | OK     ( 0.00s) 
13:14:04.293 | n=38150 | primary=('mongo1', 27017)      | OK     ( 0.00s) 
13:14:04.309 | n=38200 | primary=('mongo1', 27017)      | OK     ( 0.00s) 
13:14:04.325 | n=38250 | primary=('mongo1', 27017)      | OK     ( 0.00s) 
13:14:04.341 | n=38300 | primary=('mongo1', 27017)      | OK     ( 0.00s) 
13:14:04.357 | n=38350 | primary=('mongo1', 27017)      | OK     ( 0.00s) 
13:14:04.373 | n=38400 | primary=('mongo1', 27017)      | OK     ( 0.00s) 
13:14:04.390 | n=38450 | primary=('mongo1', 27017)      | OK     ( 0.00s) 
13:14:04.405 | n=38500 | primary=('mongo1', 27017)      | OK     ( 0.00s) 
13:14:04.422 | n=38550 | primary=('mongo1', 27017)      | OK     ( 0.00s) 
13:14:04.438 | n=38600 | primary=('mongo1', 27017)      | OK     ( 0.00s) 
13:14:04.454 | n=38650 | primary=('mongo1', 27017)      | OK     ( 0.00s) 
13:14:04.470 | n=38700 | primary=('mongo1', 27017)      | OK     ( 0.00s) 
13:14:04.486 | n=38750 | primary=('mongo1', 27017)      | OK     ( 0.00s) 
13:14:04.502 | n=38800 | primary=('mongo1', 27017)      | OK     ( 0.00s) 
13:14:04.517 | n=38850 | primary=('mongo1', 27017)      | OK     ( 0.00s) 
13:14:04.532 | n=38900 | primary=('mongo1', 27017)      | OK     ( 0.00s) 
13:14:04.549 | n=38950 | primary=('mongo1', 27017)      | OK     ( 0.00s) 
13:14:04.564 | n=39000 | primary=('mongo1', 27017)      | OK     ( 0.00s) 
13:14:04.581 | n=39050 | primary=('mongo1', 27017)      | OK     ( 0.00s) 
13:14:04.596 | n=39100 | primary=('mongo1', 27017)      | OK     ( 0.00s) 
13:14:04.613 | n=39150 | primary=('mongo1', 27017)      | OK     ( 0.00s) 
13:14:04.630 | n=39200 | primary=('mongo1', 27017)      | OK     ( 0.00s) 
13:14:04.646 | n=39250 | primary=('mongo1', 27017)      | OK     ( 0.00s) 
13:14:04.662 | n=39300 | primary=('mongo1', 27017)      | OK     ( 0.00s) 
13:14:04.678 | n=39350 | primary=('mongo1', 27017)      | OK     ( 0.00s) 
13:14:04.694 | n=39400 | primary=('mongo1', 27017)      | OK     ( 0.00s) 
13:14:04.711 | n=39450 | primary=('mongo1', 27017)      | OK     ( 0.00s) 
13:14:04.726 | n=39500 | primary=('mongo1', 27017)      | OK     ( 0.00s) 
13:14:04.742 | n=39550 | primary=('mongo1', 27017)      | OK     ( 0.00s) 
13:14:04.758 | n=39600 | primary=('mongo1', 27017)      | OK     ( 0.00s) 
13:14:04.775 | n=39650 | primary=('mongo1', 27017)      | OK     ( 0.00s) 
13:14:04.792 | n=39700 | primary=('mongo1', 27017)      | OK     ( 0.00s) 
13:14:04.809 | n=39750 | primary=('mongo1', 27017)      | OK     ( 0.00s) 
13:14:04.825 | n=39800 | primary=('mongo1', 27017)      | OK     ( 0.00s) 
13:14:04.841 | n=39850 | primary=('mongo1', 27017)      | OK     ( 0.00s) 
13:14:04.857 | n=39900 | primary=('mongo1', 27017)      | OK     ( 0.00s) 
13:14:04.872 | n=39950 | primary=('mongo1', 27017)      | OK     ( 0.00s) 
13:14:04.888 | n=40000 | primary=('mongo1', 27017)      | OK     ( 0.00s) 
13:14:04.904 | n=40050 | primary=('mongo1', 27017)      | OK     ( 0.00s) 
13:14:04.920 | n=40100 | primary=('mongo1', 27017)      | OK     ( 0.00s) 
13:14:04.935 | n=40150 | primary=('mongo1', 27017)      | OK     ( 0.00s) 
13:14:04.951 | n=40200 | primary=('mongo1', 27017)      | OK     ( 0.00s) 
13:14:04.967 | n=40250 | primary=('mongo1', 27017)      | OK     ( 0.00s) 
13:14:04.983 | n=40300 | primary=('mongo1', 27017)      | OK     ( 0.00s) 
13:14:04.999 | n=40350 | primary=('mongo1', 27017)      | OK     ( 0.00s) 
13:14:05.015 | n=40400 | primary=('mongo1', 27017)      | OK     ( 0.00s) 
13:14:05.032 | n=40450 | primary=('mongo1', 27017)      | OK     ( 0.00s) 
13:14:05.049 | n=40500 | primary=('mongo1', 27017)      | OK     ( 0.00s) 
13:14:05.065 | n=40550 | primary=('mongo1', 27017)      | OK     ( 0.00s) 
13:14:05.082 | n=40600 | primary=('mongo1', 27017)      | OK     ( 0.00s) 
13:14:05.097 | n=40650 | primary=('mongo1', 27017)      | OK     ( 0.00s) 
13:14:05.113 | n=40700 | primary=('mongo1', 27017)      | OK     ( 0.00s) 
13:14:05.129 | n=40750 | primary=('mongo1', 27017)      | OK     ( 0.00s) 
13:14:05.144 | n=40800 | primary=('mongo1', 27017)      | OK     ( 0.00s) 
13:14:05.160 | n=40850 | primary=('mongo1', 27017)      | OK     ( 0.00s) 
13:14:05.177 | n=40900 | primary=('mongo1', 27017)      | OK     ( 0.00s) 
13:14:05.192 | n=40950 | primary=('mongo1', 27017)      | OK     ( 0.00s) 
13:14:05.207 | n=41000 | primary=('mongo1', 27017)      | OK     ( 0.00s) 
13:14:05.223 | n=41050 | primary=('mongo1', 27017)      | OK     ( 0.00s) 
13:14:05.240 | n=41100 | primary=('mongo1', 27017)      | OK     ( 0.00s) 
13:14:05.257 | n=41150 | primary=('mongo1', 27017)      | OK     ( 0.00s) 
13:14:05.274 | n=41200 | primary=('mongo1', 27017)      | OK     ( 0.00s) 
13:14:05.292 | n=41250 | primary=('mongo1', 27017)      | OK     ( 0.00s) 
13:14:05.308 | n=41300 | primary=('mongo1', 27017)      | OK     ( 0.00s) 
13:14:05.328 | n=41350 | primary=('mongo1', 27017)      | OK     ( 0.00s) 
13:14:05.348 | n=41400 | primary=('mongo1', 27017)      | OK     ( 0.00s) 
13:14:05.365 | n=41450 | primary=('mongo1', 27017)      | OK     ( 0.00s) 
13:14:05.380 | n=41500 | primary=('mongo1', 27017)      | OK     ( 0.00s) 
13:14:05.396 | n=41550 | primary=('mongo1', 27017)      | OK     ( 0.00s) 
13:14:05.411 | n=41600 | primary=('mongo1', 27017)      | OK     ( 0.00s) 
13:14:05.427 | n=41650 | primary=('mongo1', 27017)      | OK     ( 0.00s) 
13:14:05.442 | n=41700 | primary=('mongo1', 27017)      | OK     ( 0.00s) 
13:14:05.458 | n=41750 | primary=('mongo1', 27017)      | OK     ( 0.00s) 
13:14:05.473 | n=41800 | primary=('mongo1', 27017)      | OK     ( 0.00s) 
13:14:05.489 | n=41850 | primary=('mongo1', 27017)      | OK     ( 0.00s) 
13:14:05.504 | n=41900 | primary=('mongo1', 27017)      | OK     ( 0.00s) 
13:14:05.519 | n=41950 | primary=('mongo1', 27017)      | OK     ( 0.00s) 
13:14:05.534 | n=42000 | primary=('mongo1', 27017)      | OK     ( 0.00s) 
13:14:05.550 | n=42050 | primary=('mongo1', 27017)      | OK     ( 0.00s) 
13:14:05.565 | n=42100 | primary=('mongo1', 27017)      | OK     ( 0.00s) 
13:14:05.581 | n=42150 | primary=('mongo1', 27017)      | OK     ( 0.00s) 
13:14:05.596 | n=42200 | primary=('mongo1', 27017)      | OK     ( 0.00s) 
13:14:05.611 | n=42250 | primary=('mongo1', 27017)      | OK     ( 0.00s) 
13:14:05.627 | n=42300 | primary=('mongo1', 27017)      | OK     ( 0.00s) 
13:14:05.642 | n=42350 | primary=('mongo1', 27017)      | OK     ( 0.00s) 
13:14:05.658 | n=42400 | primary=('mongo1', 27017)      | OK     ( 0.00s) 
13:14:05.674 | n=42450 | primary=('mongo1', 27017)      | OK     ( 0.00s) 
13:14:05.690 | n=42500 | primary=('mongo1', 27017)      | OK     ( 0.00s) 
13:14:05.705 | n=42550 | primary=('mongo1', 27017)      | OK     ( 0.00s) 
13:14:05.721 | n=42600 | primary=('mongo1', 27017)      | OK     ( 0.00s) 
13:14:05.737 | n=42650 | primary=('mongo1', 27017)      | OK     ( 0.00s) 
13:14:05.752 | n=42700 | primary=('mongo1', 27017)      | OK     ( 0.00s) 
13:14:05.768 | n=42750 | primary=('mongo1', 27017)      | OK     ( 0.00s) 
13:14:05.783 | n=42800 | primary=('mongo1', 27017)      | OK     ( 0.00s) 
13:14:05.799 | n=42850 | primary=('mongo1', 27017)      | OK     ( 0.00s) 
13:14:05.815 | n=42900 | primary=('mongo1', 27017)      | OK     ( 0.00s) 
13:14:05.832 | n=42950 | primary=('mongo1', 27017)      | OK     ( 0.00s) 
13:14:05.847 | n=43000 | primary=('mongo1', 27017)      | OK     ( 0.00s) 
13:14:05.863 | n=43050 | primary=('mongo1', 27017)      | OK     ( 0.00s) 
13:14:05.878 | n=43100 | primary=('mongo1', 27017)      | OK     ( 0.00s) 
13:14:05.894 | n=43150 | primary=('mongo1', 27017)      | OK     ( 0.00s) 
13:14:05.909 | n=43200 | primary=('mongo1', 27017)      | OK     ( 0.00s) 
13:14:05.925 | n=43250 | primary=('mongo1', 27017)      | OK     ( 0.00s) 
13:14:05.941 | n=43300 | primary=('mongo1', 27017)      | OK     ( 0.00s) 
13:14:05.957 | n=43350 | primary=('mongo1', 27017)      | OK     ( 0.00s) 
13:14:05.973 | n=43400 | primary=('mongo1', 27017)      | OK     ( 0.00s) 
13:14:05.989 | n=43450 | primary=('mongo1', 27017)      | OK     ( 0.00s) 
13:14:06.007 | n=43500 | primary=('mongo1', 27017)      | OK     ( 0.00s) 
13:14:06.022 | n=43550 | primary=('mongo1', 27017)      | OK     ( 0.00s) 
13:14:06.038 | n=43600 | primary=('mongo1', 27017)      | OK     ( 0.00s) 
13:14:06.054 | n=43650 | primary=('mongo1', 27017)      | OK     ( 0.00s) 
13:14:06.070 | n=43700 | primary=('mongo1', 27017)      | OK     ( 0.00s) 
13:14:06.087 | n=43750 | primary=('mongo1', 27017)      | OK     ( 0.00s) 
13:14:06.103 | n=43800 | primary=('mongo1', 27017)      | OK     ( 0.00s) 
13:14:06.120 | n=43850 | primary=('mongo1', 27017)      | OK     ( 0.00s) 
13:14:06.138 | n=43900 | primary=('mongo1', 27017)      | OK     ( 0.00s) 
13:14:06.155 | n=43950 | primary=('mongo1', 27017)      | OK     ( 0.00s) 
13:14:06.171 | n=44000 | primary=('mongo1', 27017)      | OK     ( 0.00s) 
13:14:06.186 | n=44050 | primary=('mongo1', 27017)      | OK     ( 0.00s) 
13:14:06.202 | n=44100 | primary=('mongo1', 27017)      | OK     ( 0.00s) 
13:14:06.217 | n=44150 | primary=('mongo1', 27017)      | OK     ( 0.00s) 
13:14:06.233 | n=44200 | primary=('mongo1', 27017)      | OK     ( 0.00s) 
13:14:06.249 | n=44250 | primary=('mongo1', 27017)      | OK     ( 0.00s) 
13:14:06.263 | n=44300 | primary=('mongo1', 27017)      | OK     ( 0.00s) 
13:14:06.279 | n=44350 | primary=('mongo1', 27017)      | OK     ( 0.00s) 
13:14:06.295 | n=44400 | primary=('mongo1', 27017)      | OK     ( 0.00s) 
13:14:06.310 | n=44450 | primary=('mongo1', 27017)      | OK     ( 0.00s) 
13:14:06.326 | n=44500 | primary=('mongo1', 27017)      | OK     ( 0.00s) 
13:14:06.342 | n=44550 | primary=('mongo1', 27017)      | OK     ( 0.00s) 
13:14:06.359 | n=44600 | primary=('mongo1', 27017)      | OK     ( 0.00s) 
13:14:06.375 | n=44650 | primary=('mongo1', 27017)      | OK     ( 0.00s) 
13:14:06.391 | n=44700 | primary=('mongo1', 27017)      | OK     ( 0.00s) 
13:14:06.407 | n=44750 | primary=('mongo1', 27017)      | OK     ( 0.00s) 
13:14:06.423 | n=44800 | primary=('mongo1', 27017)      | OK     ( 0.00s) 
13:14:06.438 | n=44850 | primary=('mongo1', 27017)      | OK     ( 0.00s) 
13:14:06.453 | n=44900 | primary=('mongo1', 27017)      | OK     ( 0.00s) 
13:14:06.469 | n=44950 | primary=('mongo1', 27017)      | OK     ( 0.00s) 
13:14:06.485 | n=45000 | primary=('mongo1', 27017)      | OK     ( 0.00s) 
13:14:06.501 | n=45050 | primary=('mongo1', 27017)      | OK     ( 0.00s) 
13:14:06.516 | n=45100 | primary=('mongo1', 27017)      | OK     ( 0.00s) 
13:14:06.532 | n=45150 | primary=('mongo1', 27017)      | OK     ( 0.00s) 
13:14:06.547 | n=45200 | primary=('mongo1', 27017)      | OK     ( 0.00s) 
13:14:06.563 | n=45250 | primary=('mongo1', 27017)      | OK     ( 0.00s) 
13:14:06.579 | n=45300 | primary=('mongo1', 27017)      | OK     ( 0.00s) 
13:14:06.594 | n=45350 | primary=('mongo1', 27017)      | OK     ( 0.00s) 
13:14:06.610 | n=45400 | primary=('mongo1', 27017)      | OK     ( 0.00s) 
13:14:06.625 | n=45450 | primary=('mongo1', 27017)      | OK     ( 0.00s) 
13:14:06.641 | n=45500 | primary=('mongo1', 27017)      | OK     ( 0.00s) 
13:14:06.656 | n=45550 | primary=('mongo1', 27017)      | OK     ( 0.00s) 
13:14:06.672 | n=45600 | primary=('mongo1', 27017)      | OK     ( 0.00s) 
13:14:06.688 | n=45650 | primary=('mongo1', 27017)      | OK     ( 0.00s) 
13:14:06.703 | n=45700 | primary=('mongo1', 27017)      | OK     ( 0.00s) 
13:14:06.718 | n=45750 | primary=('mongo1', 27017)      | OK     ( 0.00s) 
13:14:06.734 | n=45800 | primary=('mongo1', 27017)      | OK     ( 0.00s) 
13:14:06.751 | n=45850 | primary=('mongo1', 27017)      | OK     ( 0.00s) 
13:14:06.767 | n=45900 | primary=('mongo1', 27017)      | OK     ( 0.00s) 
13:14:06.783 | n=45950 | primary=('mongo1', 27017)      | OK     ( 0.00s) 
13:14:06.798 | n=46000 | primary=('mongo1', 27017)      | OK     ( 0.00s) 
13:14:06.813 | n=46050 | primary=('mongo1', 27017)      | OK     ( 0.00s) 
13:14:06.829 | n=46100 | primary=('mongo1', 27017)      | OK     ( 0.00s) 
13:14:06.844 | n=46150 | primary=('mongo1', 27017)      | OK     ( 0.00s) 
13:14:06.860 | n=46200 | primary=('mongo1', 27017)      | OK     ( 0.00s) 
13:14:06.875 | n=46250 | primary=('mongo1', 27017)      | OK     ( 0.00s) 
13:14:06.891 | n=46300 | primary=('mongo1', 27017)      | OK     ( 0.00s) 
13:14:06.906 | n=46350 | primary=('mongo1', 27017)      | OK     ( 0.00s) 
13:14:06.922 | n=46400 | primary=('mongo1', 27017)      | OK     ( 0.00s) 
13:14:06.937 | n=46450 | primary=('mongo1', 27017)      | OK     ( 0.00s) 
13:14:06.952 | n=46500 | primary=('mongo1', 27017)      | OK     ( 0.00s) 
13:14:06.968 | n=46550 | primary=('mongo1', 27017)      | OK     ( 0.00s) 
13:14:06.984 | n=46600 | primary=('mongo1', 27017)      | OK     ( 0.00s) 
13:14:07.001 | n=46650 | primary=('mongo1', 27017)      | OK     ( 0.00s) 
13:14:07.017 | n=46700 | primary=('mongo1', 27017)      | OK     ( 0.00s) 
13:14:07.033 | n=46750 | primary=('mongo1', 27017)      | OK     ( 0.00s) 
13:14:07.049 | n=46800 | primary=('mongo1', 27017)      | OK     ( 0.00s) 
13:14:07.065 | n=46850 | primary=('mongo1', 27017)      | OK     ( 0.00s) 
13:14:07.081 | n=46900 | primary=('mongo1', 27017)      | OK     ( 0.00s) 
13:14:07.096 | n=46950 | primary=('mongo1', 27017)      | OK     ( 0.00s) 
13:14:07.112 | n=47000 | primary=('mongo1', 27017)      | OK     ( 0.00s) 
13:14:07.128 | n=47050 | primary=('mongo1', 27017)      | OK     ( 0.00s) 
13:14:07.143 | n=47100 | primary=('mongo1', 27017)      | OK     ( 0.00s) 
13:14:07.159 | n=47150 | primary=('mongo1', 27017)      | OK     ( 0.00s) 
13:14:07.174 | n=47200 | primary=('mongo1', 27017)      | OK     ( 0.00s) 
13:14:07.191 | n=47250 | primary=('mongo1', 27017)      | OK     ( 0.00s) 
13:14:07.207 | n=47300 | primary=('mongo1', 27017)      | OK     ( 0.00s) 
13:14:07.223 | n=47350 | primary=('mongo1', 27017)      | OK     ( 0.00s) 
13:14:07.239 | n=47400 | primary=('mongo1', 27017)      | OK     ( 0.00s) 
13:14:07.255 | n=47450 | primary=('mongo1', 27017)      | OK     ( 0.00s) 
13:14:07.271 | n=47500 | primary=('mongo1', 27017)      | OK     ( 0.00s) 
13:14:07.287 | n=47550 | primary=('mongo1', 27017)      | OK     ( 0.00s) 
13:14:07.303 | n=47600 | primary=('mongo1', 27017)      | OK     ( 0.00s) 
13:14:07.318 | n=47650 | primary=('mongo1', 27017)      | OK     ( 0.00s) 
13:14:07.333 | n=47700 | primary=('mongo1', 27017)      | OK     ( 0.00s) 
13:14:07.349 | n=47750 | primary=('mongo1', 27017)      | OK     ( 0.00s) 
13:14:07.369 | n=47800 | primary=('mongo1', 27017)      | OK     ( 0.00s) 
13:14:07.385 | n=47850 | primary=('mongo1', 27017)      | OK     ( 0.00s) 
13:14:07.401 | n=47900 | primary=('mongo1', 27017)      | OK     ( 0.00s) 
13:14:07.416 | n=47950 | primary=('mongo1', 27017)      | OK     ( 0.00s) 
13:14:07.431 | n=48000 | primary=('mongo1', 27017)      | OK     ( 0.00s) 
13:14:07.448 | n=48050 | primary=('mongo1', 27017)      | OK     ( 0.00s) 
13:14:07.463 | n=48100 | primary=('mongo1', 27017)      | OK     ( 0.00s) 
13:14:07.479 | n=48150 | primary=('mongo1', 27017)      | OK     ( 0.00s) 
13:14:07.494 | n=48200 | primary=('mongo1', 27017)      | OK     ( 0.00s) 
13:14:07.510 | n=48250 | primary=('mongo1', 27017)      | OK     ( 0.00s) 
13:14:07.526 | n=48300 | primary=('mongo1', 27017)      | OK     ( 0.00s) 
13:14:07.542 | n=48350 | primary=('mongo1', 27017)      | OK     ( 0.00s) 
13:14:07.559 | n=48400 | primary=('mongo1', 27017)      | OK     ( 0.00s) 
13:14:07.574 | n=48450 | primary=('mongo1', 27017)      | OK     ( 0.00s) 
13:14:07.590 | n=48500 | primary=('mongo1', 27017)      | OK     ( 0.00s) 
13:14:07.606 | n=48550 | primary=('mongo1', 27017)      | OK     ( 0.00s) 
13:14:07.622 | n=48600 | primary=('mongo1', 27017)      | OK     ( 0.00s) 
13:14:07.637 | n=48650 | primary=('mongo1', 27017)      | OK     ( 0.00s) 
13:14:07.652 | n=48700 | primary=('mongo1', 27017)      | OK     ( 0.00s) 
13:14:07.669 | n=48750 | primary=('mongo1', 27017)      | OK     ( 0.00s) 
13:14:07.684 | n=48800 | primary=('mongo1', 27017)      | OK     ( 0.00s) 
13:14:07.699 | n=48850 | primary=('mongo1', 27017)      | OK     ( 0.00s) 
13:14:07.715 | n=48900 | primary=('mongo1', 27017)      | OK     ( 0.00s) 
13:14:07.730 | n=48950 | primary=('mongo1', 27017)      | OK     ( 0.00s) 
13:14:07.746 | n=49000 | primary=('mongo1', 27017)      | OK     ( 0.00s) 
13:14:07.762 | n=49050 | primary=('mongo1', 27017)      | OK     ( 0.00s) 
13:14:07.778 | n=49100 | primary=('mongo1', 27017)      | OK     ( 0.00s) 
13:14:07.794 | n=49150 | primary=('mongo1', 27017)      | OK     ( 0.00s) 
13:14:07.809 | n=49200 | primary=('mongo1', 27017)      | OK     ( 0.00s) 
13:14:07.826 | n=49250 | primary=('mongo1', 27017)      | OK     ( 0.00s) 
13:14:07.841 | n=49300 | primary=('mongo1', 27017)      | OK     ( 0.00s) 
13:14:07.858 | n=49350 | primary=('mongo1', 27017)      | OK     ( 0.00s) 
13:14:07.873 | n=49400 | primary=('mongo1', 27017)      | OK     ( 0.00s) 
13:14:07.888 | n=49450 | primary=('mongo1', 27017)      | OK     ( 0.00s) 
13:14:07.904 | n=49500 | primary=('mongo1', 27017)      | OK     ( 0.00s) 
13:14:07.920 | n=49550 | primary=('mongo1', 27017)      | OK     ( 0.00s) 
13:14:07.936 | n=49600 | primary=('mongo1', 27017)      | OK     ( 0.00s) 
13:14:07.953 | n=49650 | primary=('mongo1', 27017)      | OK     ( 0.00s) 
13:14:07.968 | n=49700 | primary=('mongo1', 27017)      | OK     ( 0.00s) 
13:14:07.985 | n=49750 | primary=('mongo1', 27017)      | OK     ( 0.00s) 
13:14:08.001 | n=49800 | primary=('mongo1', 27017)      | OK     ( 0.00s) 
13:14:08.017 | n=49850 | primary=('mongo1', 27017)      | OK     ( 0.00s) 
13:14:08.034 | n=49900 | primary=('mongo1', 27017)      | OK     ( 0.00s) 
13:14:08.050 | n=49950 | primary=('mongo1', 27017)      | OK     ( 0.00s) 
13:14:08.067 | n=50000 | primary=('mongo1', 27017)      | OK     ( 0.00s) 
13:14:08.083 | n=50050 | primary=('mongo1', 27017)      | OK     ( 0.00s) 
13:14:08.099 | n=50100 | primary=('mongo1', 27017)      | OK     ( 0.00s) 
13:14:08.114 | n=50150 | primary=('mongo1', 27017)      | OK     ( 0.00s) 
13:14:08.130 | n=50200 | primary=('mongo1', 27017)      | OK     ( 0.00s) 
13:14:08.145 | n=50250 | primary=('mongo1', 27017)      | OK     ( 0.00s) 
13:14:08.161 | n=50300 | primary=('mongo1', 27017)      | OK     ( 0.00s) 
13:14:08.178 | n=50350 | primary=('mongo1', 27017)      | OK     ( 0.00s) 
13:14:08.194 | n=50400 | primary=('mongo1', 27017)      | OK     ( 0.00s) 
13:14:08.211 | n=50450 | primary=('mongo1', 27017)      | OK     ( 0.00s) 
13:14:08.229 | n=50500 | primary=('mongo1', 27017)      | OK     ( 0.00s) 
13:14:08.245 | n=50550 | primary=('mongo1', 27017)      | OK     ( 0.00s) 
13:14:08.261 | n=50600 | primary=('mongo1', 27017)      | OK     ( 0.00s) 
13:14:08.279 | n=50650 | primary=('mongo1', 27017)      | OK     ( 0.00s) 
13:14:08.294 | n=50700 | primary=('mongo1', 27017)      | OK     ( 0.00s) 
13:14:08.310 | n=50750 | primary=('mongo1', 27017)      | OK     ( 0.00s) 
13:14:08.325 | n=50800 | primary=('mongo1', 27017)      | OK     ( 0.00s) 
13:14:08.341 | n=50850 | primary=('mongo1', 27017)      | OK     ( 0.00s) 
13:14:08.357 | n=50900 | primary=('mongo1', 27017)      | OK     ( 0.00s) 
13:14:08.373 | n=50950 | primary=('mongo1', 27017)      | OK     ( 0.00s) 
13:14:08.388 | n=51000 | primary=('mongo1', 27017)      | OK     ( 0.00s) 
13:14:08.404 | n=51050 | primary=('mongo1', 27017)      | OK     ( 0.00s) 
13:14:08.420 | n=51100 | primary=('mongo1', 27017)      | OK     ( 0.00s) 
13:14:08.436 | n=51150 | primary=('mongo1', 27017)      | OK     ( 0.00s) 
13:14:08.451 | n=51200 | primary=('mongo1', 27017)      | OK     ( 0.00s) 
13:14:08.467 | n=51250 | primary=('mongo1', 27017)      | OK     ( 0.00s) 
13:14:08.483 | n=51300 | primary=('mongo1', 27017)      | OK     ( 0.00s) 
13:14:08.499 | n=51350 | primary=('mongo1', 27017)      | OK     ( 0.00s) 
13:14:08.514 | n=51400 | primary=('mongo1', 27017)      | OK     ( 0.00s) 
13:14:08.530 | n=51450 | primary=('mongo1', 27017)      | OK     ( 0.00s) 
13:14:08.546 | n=51500 | primary=('mongo1', 27017)      | OK     ( 0.00s) 
13:14:08.562 | n=51550 | primary=('mongo1', 27017)      | OK     ( 0.00s) 
13:14:08.577 | n=51600 | primary=('mongo1', 27017)      | OK     ( 0.00s) 
13:14:08.592 | n=51650 | primary=('mongo1', 27017)      | OK     ( 0.00s) 
13:14:08.608 | n=51700 | primary=('mongo1', 27017)      | OK     ( 0.00s) 
13:14:08.623 | n=51750 | primary=('mongo1', 27017)      | OK     ( 0.00s) 
13:14:08.638 | n=51800 | primary=('mongo1', 27017)      | OK     ( 0.00s) 
13:14:08.654 | n=51850 | primary=('mongo1', 27017)      | OK     ( 0.00s) 
13:14:08.670 | n=51900 | primary=('mongo1', 27017)      | OK     ( 0.00s) 
13:14:08.686 | n=51950 | primary=('mongo1', 27017)      | OK     ( 0.00s) 
13:14:08.701 | n=52000 | primary=('mongo1', 27017)      | OK     ( 0.00s) 
13:14:08.717 | n=52050 | primary=('mongo1', 27017)      | OK     ( 0.00s) 
13:14:08.733 | n=52100 | primary=('mongo1', 27017)      | OK     ( 0.00s) 
13:14:08.749 | n=52150 | primary=('mongo1', 27017)      | OK     ( 0.00s) 
13:14:08.765 | n=52200 | primary=('mongo1', 27017)      | OK     ( 0.00s) 
13:14:08.781 | n=52250 | primary=('mongo1', 27017)      | OK     ( 0.00s) 
13:14:08.796 | n=52300 | primary=('mongo1', 27017)      | OK     ( 0.00s) 
13:14:08.811 | n=52350 | primary=('mongo1', 27017)      | OK     ( 0.00s) 
13:14:08.826 | n=52400 | primary=('mongo1', 27017)      | OK     ( 0.00s) 
13:14:08.842 | n=52450 | primary=('mongo1', 27017)      | OK     ( 0.00s) 
13:14:08.858 | n=52500 | primary=('mongo1', 27017)      | OK     ( 0.00s) 
13:14:08.874 | n=52550 | primary=('mongo1', 27017)      | OK     ( 0.00s) 
13:14:08.890 | n=52600 | primary=('mongo1', 27017)      | OK     ( 0.00s) 
13:14:08.906 | n=52650 | primary=('mongo1', 27017)      | OK     ( 0.00s) 
13:14:08.922 | n=52700 | primary=('mongo1', 27017)      | OK     ( 0.00s) 
13:14:08.937 | n=52750 | primary=('mongo1', 27017)      | OK     ( 0.00s) 
13:14:08.953 | n=52800 | primary=('mongo1', 27017)      | OK     ( 0.00s) 
13:14:08.969 | n=52850 | primary=('mongo1', 27017)      | OK     ( 0.00s) 
13:14:08.984 | n=52900 | primary=('mongo1', 27017)      | OK     ( 0.00s) 
13:14:09.000 | n=52950 | primary=('mongo1', 27017)      | OK     ( 0.00s) 
13:14:09.017 | n=53000 | primary=('mongo1', 27017)      | OK     ( 0.00s) 
13:14:09.033 | n=53050 | primary=('mongo1', 27017)      | OK     ( 0.00s) 
13:14:09.048 | n=53100 | primary=('mongo1', 27017)      | OK     ( 0.00s) 
13:14:09.064 | n=53150 | primary=('mongo1', 27017)      | OK     ( 0.00s) 
13:14:09.079 | n=53200 | primary=('mongo1', 27017)      | OK     ( 0.00s) 
13:14:09.095 | n=53250 | primary=('mongo1', 27017)      | OK     ( 0.00s) 
13:14:09.111 | n=53300 | primary=('mongo1', 27017)      | OK     ( 0.00s) 
13:14:09.127 | n=53350 | primary=('mongo1', 27017)      | OK     ( 0.00s) 
13:14:09.143 | n=53400 | primary=('mongo1', 27017)      | OK     ( 0.00s) 
13:14:09.159 | n=53450 | primary=('mongo1', 27017)      | OK     ( 0.00s) 
13:14:09.174 | n=53500 | primary=('mongo1', 27017)      | OK     ( 0.00s) 
13:14:09.189 | n=53550 | primary=('mongo1', 27017)      | OK     ( 0.00s) 
13:14:09.204 | n=53600 | primary=('mongo1', 27017)      | OK     ( 0.00s) 
13:14:09.220 | n=53650 | primary=('mongo1', 27017)      | OK     ( 0.00s) 
13:14:09.235 | n=53700 | primary=('mongo1', 27017)      | OK     ( 0.00s) 
13:14:09.251 | n=53750 | primary=('mongo1', 27017)      | OK     ( 0.00s) 
13:14:09.266 | n=53800 | primary=('mongo1', 27017)      | OK     ( 0.00s) 
13:14:09.281 | n=53850 | primary=('mongo1', 27017)      | OK     ( 0.00s) 
13:14:09.298 | n=53900 | primary=('mongo1', 27017)      | OK     ( 0.00s) 
13:14:09.313 | n=53950 | primary=('mongo1', 27017)      | OK     ( 0.00s) 
13:14:09.328 | n=54000 | primary=('mongo1', 27017)      | OK     ( 0.00s) 
13:14:09.344 | n=54050 | primary=('mongo1', 27017)      | OK     ( 0.00s) 
13:14:09.360 | n=54100 | primary=('mongo1', 27017)      | OK     ( 0.00s) 
13:14:09.376 | n=54150 | primary=('mongo1', 27017)      | OK     ( 0.00s) 
13:14:09.391 | n=54200 | primary=('mongo1', 27017)      | OK     ( 0.00s) 
13:14:09.407 | n=54250 | primary=('mongo1', 27017)      | OK     ( 0.00s) 
13:14:09.423 | n=54300 | primary=('mongo1', 27017)      | OK     ( 0.00s) 
13:14:09.439 | n=54350 | primary=('mongo1', 27017)      | OK     ( 0.00s) 
13:14:09.454 | n=54400 | primary=('mongo1', 27017)      | OK     ( 0.00s) 
13:14:09.469 | n=54450 | primary=('mongo1', 27017)      | OK     ( 0.00s) 
13:14:09.485 | n=54500 | primary=('mongo1', 27017)      | OK     ( 0.00s) 
13:14:09.500 | n=54550 | primary=('mongo1', 27017)      | OK     ( 0.00s) 
13:14:09.515 | n=54600 | primary=('mongo1', 27017)      | OK     ( 0.00s) 
13:14:09.531 | n=54650 | primary=('mongo1', 27017)      | OK     ( 0.00s) 
13:14:09.547 | n=54700 | primary=('mongo1', 27017)      | OK     ( 0.00s) 
13:14:09.563 | n=54750 | primary=('mongo1', 27017)      | OK     ( 0.00s) 
13:14:09.579 | n=54800 | primary=('mongo1', 27017)      | OK     ( 0.00s) 
13:14:09.594 | n=54850 | primary=('mongo1', 27017)      | OK     ( 0.00s) 
13:14:09.610 | n=54900 | primary=('mongo1', 27017)      | OK     ( 0.00s) 
13:14:09.626 | n=54950 | primary=('mongo1', 27017)      | OK     ( 0.00s) 
13:14:09.641 | n=55000 | primary=('mongo1', 27017)      | OK     ( 0.00s) 
13:14:09.658 | n=55050 | primary=('mongo1', 27017)      | OK     ( 0.00s) 
13:14:09.674 | n=55100 | primary=('mongo1', 27017)      | OK     ( 0.00s) 
13:14:09.689 | n=55150 | primary=('mongo1', 27017)      | OK     ( 0.00s) 
13:14:09.705 | n=55200 | primary=('mongo1', 27017)      | OK     ( 0.00s) 
13:14:09.721 | n=55250 | primary=('mongo1', 27017)      | OK     ( 0.00s) 
13:14:09.738 | n=55300 | primary=('mongo1', 27017)      | OK     ( 0.00s) 
13:14:09.754 | n=55350 | primary=('mongo1', 27017)      | OK     ( 0.00s) 
13:14:09.769 | n=55400 | primary=('mongo1', 27017)      | OK     ( 0.00s) 
13:14:09.785 | n=55450 | primary=('mongo1', 27017)      | OK     ( 0.00s) 
13:14:09.801 | n=55500 | primary=('mongo1', 27017)      | OK     ( 0.00s) 
13:14:09.816 | n=55550 | primary=('mongo1', 27017)      | OK     ( 0.00s) 
13:14:09.832 | n=55600 | primary=('mongo1', 27017)      | OK     ( 0.00s) 
13:14:09.848 | n=55650 | primary=('mongo1', 27017)      | OK     ( 0.00s) 
13:14:09.864 | n=55700 | primary=('mongo1', 27017)      | OK     ( 0.00s) 
13:14:09.879 | n=55750 | primary=('mongo1', 27017)      | OK     ( 0.00s) 
13:14:09.895 | n=55800 | primary=('mongo1', 27017)      | OK     ( 0.00s) 
13:14:09.910 | n=55850 | primary=('mongo1', 27017)      | OK     ( 0.00s) 
13:14:09.925 | n=55900 | primary=('mongo1', 27017)      | OK     ( 0.00s) 
13:14:09.941 | n=55950 | primary=('mongo1', 27017)      | OK     ( 0.00s) 
13:14:09.956 | n=56000 | primary=('mongo1', 27017)      | OK     ( 0.00s) 
13:14:09.971 | n=56050 | primary=('mongo1', 27017)      | OK     ( 0.00s) 
13:14:09.988 | n=56100 | primary=('mongo1', 27017)      | OK     ( 0.00s) 
13:14:10.004 | n=56150 | primary=('mongo1', 27017)      | OK     ( 0.00s) 
13:14:10.019 | n=56200 | primary=('mongo1', 27017)      | OK     ( 0.00s) 
13:14:10.034 | n=56250 | primary=('mongo1', 27017)      | OK     ( 0.00s) 
13:14:10.050 | n=56300 | primary=('mongo1', 27017)      | OK     ( 0.00s) 
13:14:10.066 | n=56350 | primary=('mongo1', 27017)      | OK     ( 0.00s) 
13:14:10.082 | n=56400 | primary=('mongo1', 27017)      | OK     ( 0.00s) 
13:14:10.097 | n=56450 | primary=('mongo1', 27017)      | OK     ( 0.00s) 
13:14:10.113 | n=56500 | primary=('mongo1', 27017)      | OK     ( 0.00s) 
13:14:10.129 | n=56550 | primary=('mongo1', 27017)      | OK     ( 0.00s) 
13:14:10.144 | n=56600 | primary=('mongo1', 27017)      | OK     ( 0.00s) 
13:14:10.160 | n=56650 | primary=('mongo1', 27017)      | OK     ( 0.00s) 
13:14:10.176 | n=56700 | primary=('mongo1', 27017)      | OK     ( 0.00s) 
13:14:10.193 | n=56750 | primary=('mongo1', 27017)      | OK     ( 0.00s) 
13:14:10.209 | n=56800 | primary=('mongo1', 27017)      | OK     ( 0.00s) 
13:14:10.224 | n=56850 | primary=('mongo1', 27017)      | OK     ( 0.00s) 
13:14:10.241 | n=56900 | primary=('mongo1', 27017)      | OK     ( 0.00s) 
13:14:10.256 | n=56950 | primary=('mongo1', 27017)      | OK     ( 0.00s) 
13:14:10.272 | n=57000 | primary=('mongo1', 27017)      | OK     ( 0.00s) 
13:14:10.288 | n=57050 | primary=('mongo1', 27017)      | OK     ( 0.00s) 
13:14:10.305 | n=57100 | primary=('mongo1', 27017)      | OK     ( 0.00s) 
13:14:10.322 | n=57150 | primary=('mongo1', 27017)      | OK     ( 0.00s) 
13:14:10.339 | n=57200 | primary=('mongo1', 27017)      | OK     ( 0.00s) 
13:14:10.357 | n=57250 | primary=('mongo1', 27017)      | OK     ( 0.00s) 
13:14:10.373 | n=57300 | primary=('mongo1', 27017)      | OK     ( 0.00s) 
13:14:10.389 | n=57350 | primary=('mongo1', 27017)      | OK     ( 0.00s) 
13:14:10.405 | n=57400 | primary=('mongo1', 27017)      | OK     ( 0.00s) 
13:14:10.421 | n=57450 | primary=('mongo1', 27017)      | OK     ( 0.00s) 
13:14:10.437 | n=57500 | primary=('mongo1', 27017)      | OK     ( 0.00s) 
13:14:10.452 | n=57550 | primary=('mongo1', 27017)      | OK     ( 0.00s) 
13:14:10.468 | n=57600 | primary=('mongo1', 27017)      | OK     ( 0.00s) 
13:14:10.483 | n=57650 | primary=('mongo1', 27017)      | OK     ( 0.00s) 
13:14:10.499 | n=57700 | primary=('mongo1', 27017)      | OK     ( 0.00s) 
13:14:10.514 | n=57750 | primary=('mongo1', 27017)      | OK     ( 0.00s) 
13:14:10.530 | n=57800 | primary=('mongo1', 27017)      | OK     ( 0.00s) 
13:14:10.546 | n=57850 | primary=('mongo1', 27017)      | OK     ( 0.00s) 
13:14:10.561 | n=57900 | primary=('mongo1', 27017)      | OK     ( 0.00s) 
13:14:10.577 | n=57950 | primary=('mongo1', 27017)      | OK     ( 0.00s) 
13:14:10.593 | n=58000 | primary=('mongo1', 27017)      | OK     ( 0.00s) 
13:14:10.609 | n=58050 | primary=('mongo1', 27017)      | OK     ( 0.00s) 
13:14:10.624 | n=58100 | primary=('mongo1', 27017)      | OK     ( 0.00s) 
13:14:10.639 | n=58150 | primary=('mongo1', 27017)      | OK     ( 0.00s) 
13:14:10.655 | n=58200 | primary=('mongo1', 27017)      | OK     ( 0.00s) 
13:14:10.671 | n=58250 | primary=('mongo1', 27017)      | OK     ( 0.00s) 
13:14:10.687 | n=58300 | primary=('mongo1', 27017)      | OK     ( 0.00s) 
13:14:10.703 | n=58350 | primary=('mongo1', 27017)      | OK     ( 0.00s) 
13:14:10.719 | n=58400 | primary=('mongo1', 27017)      | OK     ( 0.00s) 
13:14:10.734 | n=58450 | primary=('mongo1', 27017)      | OK     ( 0.00s) 
13:14:10.750 | n=58500 | primary=('mongo1', 27017)      | OK     ( 0.00s) 
13:14:10.766 | n=58550 | primary=('mongo1', 27017)      | OK     ( 0.00s) 
13:14:10.782 | n=58600 | primary=('mongo1', 27017)      | OK     ( 0.00s) 
13:14:10.798 | n=58650 | primary=('mongo1', 27017)      | OK     ( 0.00s) 
13:14:10.813 | n=58700 | primary=('mongo1', 27017)      | OK     ( 0.00s) 
13:14:10.829 | n=58750 | primary=('mongo1', 27017)      | OK     ( 0.00s) 
13:14:10.845 | n=58800 | primary=('mongo1', 27017)      | OK     ( 0.00s) 
13:14:10.861 | n=58850 | primary=('mongo1', 27017)      | OK     ( 0.00s) 
13:14:10.876 | n=58900 | primary=('mongo1', 27017)      | OK     ( 0.00s) 
13:14:10.892 | n=58950 | primary=('mongo1', 27017)      | OK     ( 0.00s) 
13:14:10.908 | n=59000 | primary=('mongo1', 27017)      | OK     ( 0.00s) 
13:14:10.924 | n=59050 | primary=('mongo1', 27017)      | OK     ( 0.00s) 
13:14:10.940 | n=59100 | primary=('mongo1', 27017)      | OK     ( 0.00s) 
13:14:10.956 | n=59150 | primary=('mongo1', 27017)      | OK     ( 0.00s) 
13:14:10.971 | n=59200 | primary=('mongo1', 27017)      | OK     ( 0.00s) 
13:14:10.987 | n=59250 | primary=('mongo1', 27017)      | OK     ( 0.00s) 
13:14:11.004 | n=59300 | primary=('mongo1', 27017)      | OK     ( 0.00s) 
13:14:11.020 | n=59350 | primary=('mongo1', 27017)      | OK     ( 0.00s) 
13:14:11.036 | n=59400 | primary=('mongo1', 27017)      | OK     ( 0.00s) 
13:14:11.051 | n=59450 | primary=('mongo1', 27017)      | OK     ( 0.00s) 
13:14:11.068 | n=59500 | primary=('mongo1', 27017)      | OK     ( 0.00s) 
13:14:11.083 | n=59550 | primary=('mongo1', 27017)      | OK     ( 0.00s) 
13:14:11.099 | n=59600 | primary=('mongo1', 27017)      | OK     ( 0.00s) 
13:14:11.114 | n=59650 | primary=('mongo1', 27017)      | OK     ( 0.00s) 
13:14:11.130 | n=59700 | primary=('mongo1', 27017)      | OK     ( 0.00s) 
13:14:11.145 | n=59750 | primary=('mongo1', 27017)      | OK     ( 0.00s) 
13:14:11.161 | n=59800 | primary=('mongo1', 27017)      | OK     ( 0.00s) 
13:14:11.177 | n=59850 | primary=('mongo1', 27017)      | OK     ( 0.00s) 
13:14:11.192 | n=59900 | primary=('mongo1', 27017)      | OK     ( 0.00s) 
13:14:11.207 | n=59950 | primary=('mongo1', 27017)      | OK     ( 0.00s) 
13:14:11.223 | n=60000 | primary=('mongo1', 27017)      | OK     ( 0.00s) 
13:14:11.239 | n=60050 | primary=('mongo1', 27017)      | OK     ( 0.00s) 
13:14:11.254 | n=60100 | primary=('mongo1', 27017)      | OK     ( 0.00s) 
13:14:11.270 | n=60150 | primary=('mongo1', 27017)      | OK     ( 0.00s) 
13:14:11.286 | n=60200 | primary=('mongo1', 27017)      | OK     ( 0.00s) 
13:14:11.302 | n=60250 | primary=('mongo1', 27017)      | OK     ( 0.00s) 
13:14:11.317 | n=60300 | primary=('mongo1', 27017)      | OK     ( 0.00s) 
13:14:11.332 | n=60350 | primary=('mongo1', 27017)      | OK     ( 0.00s) 
13:14:11.348 | n=60400 | primary=('mongo1', 27017)      | OK     ( 0.00s) 
13:14:11.364 | n=60450 | primary=('mongo1', 27017)      | OK     ( 0.00s) 
13:14:11.380 | n=60500 | primary=('mongo1', 27017)      | OK     ( 0.00s) 
13:14:11.396 | n=60550 | primary=('mongo1', 27017)      | OK     ( 0.00s) 
13:14:11.412 | n=60600 | primary=('mongo1', 27017)      | OK     ( 0.00s) 
13:14:11.429 | n=60650 | primary=('mongo1', 27017)      | OK     ( 0.00s) 
13:14:11.444 | n=60700 | primary=('mongo1', 27017)      | OK     ( 0.00s) 
13:14:11.460 | n=60750 | primary=('mongo1', 27017)      | OK     ( 0.00s) 
13:14:11.477 | n=60800 | primary=('mongo1', 27017)      | OK     ( 0.00s) 
13:14:11.492 | n=60850 | primary=('mongo1', 27017)      | OK     ( 0.00s) 
13:14:11.508 | n=60900 | primary=('mongo1', 27017)      | OK     ( 0.00s) 
13:14:11.524 | n=60950 | primary=('mongo1', 27017)      | OK     ( 0.00s) 
13:14:11.541 | n=61000 | primary=('mongo1', 27017)      | OK     ( 0.00s) 
13:14:11.556 | n=61050 | primary=('mongo1', 27017)      | OK     ( 0.00s) 
13:14:11.572 | n=61100 | primary=('mongo1', 27017)      | OK     ( 0.00s) 
13:14:11.587 | n=61150 | primary=('mongo1', 27017)      | OK     ( 0.00s) 
13:14:11.603 | n=61200 | primary=('mongo1', 27017)      | OK     ( 0.00s) 
13:14:11.619 | n=61250 | primary=('mongo1', 27017)      | OK     ( 0.00s) 
13:14:11.635 | n=61300 | primary=('mongo1', 27017)      | OK     ( 0.00s) 
13:14:11.650 | n=61350 | primary=('mongo1', 27017)      | OK     ( 0.00s) 
13:14:11.666 | n=61400 | primary=('mongo1', 27017)      | OK     ( 0.00s) 
13:14:11.682 | n=61450 | primary=('mongo1', 27017)      | OK     ( 0.00s) 
13:14:11.698 | n=61500 | primary=('mongo1', 27017)      | OK     ( 0.00s) 
13:14:11.714 | n=61550 | primary=('mongo1', 27017)      | OK     ( 0.00s) 
13:14:11.730 | n=61600 | primary=('mongo1', 27017)      | OK     ( 0.00s) 
13:14:11.746 | n=61650 | primary=('mongo1', 27017)      | OK     ( 0.00s) 
13:14:11.762 | n=61700 | primary=('mongo1', 27017)      | OK     ( 0.00s) 
13:14:11.778 | n=61750 | primary=('mongo1', 27017)      | OK     ( 0.00s) 
13:14:11.794 | n=61800 | primary=('mongo1', 27017)      | OK     ( 0.00s) 
13:14:11.810 | n=61850 | primary=('mongo1', 27017)      | OK     ( 0.00s) 
13:14:11.826 | n=61900 | primary=('mongo1', 27017)      | OK     ( 0.00s) 
13:14:11.842 | n=61950 | primary=('mongo1', 27017)      | OK     ( 0.00s) 
13:14:11.858 | n=62000 | primary=('mongo1', 27017)      | OK     ( 0.00s) 
13:14:11.873 | n=62050 | primary=('mongo1', 27017)      | OK     ( 0.00s) 
13:14:11.889 | n=62100 | primary=('mongo1', 27017)      | OK     ( 0.00s) 
13:14:11.904 | n=62150 | primary=('mongo1', 27017)      | OK     ( 0.00s) 
13:14:11.920 | n=62200 | primary=('mongo1', 27017)      | OK     ( 0.00s) 
13:14:11.936 | n=62250 | primary=('mongo1', 27017)      | OK     ( 0.00s) 
13:14:11.952 | n=62300 | primary=('mongo1', 27017)      | OK     ( 0.00s) 
13:14:11.967 | n=62350 | primary=('mongo1', 27017)      | OK     ( 0.00s) 
13:14:11.983 | n=62400 | primary=('mongo1', 27017)      | OK     ( 0.00s) 
13:14:12.000 | n=62450 | primary=('mongo1', 27017)      | OK     ( 0.00s) 
13:14:12.016 | n=62500 | primary=('mongo1', 27017)      | OK     ( 0.00s) 
13:14:12.031 | n=62550 | primary=('mongo1', 27017)      | OK     ( 0.00s) 
13:14:12.048 | n=62600 | primary=('mongo1', 27017)      | OK     ( 0.00s) 
13:14:12.064 | n=62650 | primary=('mongo1', 27017)      | OK     ( 0.00s) 
13:14:12.080 | n=62700 | primary=('mongo1', 27017)      | OK     ( 0.00s) 
13:14:12.095 | n=62750 | primary=('mongo1', 27017)      | OK     ( 0.00s) 
13:14:12.112 | n=62800 | primary=('mongo1', 27017)      | OK     ( 0.00s) 
13:14:12.128 | n=62850 | primary=('mongo1', 27017)      | OK     ( 0.00s) 
13:14:12.144 | n=62900 | primary=('mongo1', 27017)      | OK     ( 0.00s) 
13:14:12.159 | n=62950 | primary=('mongo1', 27017)      | OK     ( 0.00s) 
13:14:12.175 | n=63000 | primary=('mongo1', 27017)      | OK     ( 0.00s) 
13:14:12.190 | n=63050 | primary=('mongo1', 27017)      | OK     ( 0.00s) 
13:14:12.206 | n=63100 | primary=('mongo1', 27017)      | OK     ( 0.00s) 
13:14:12.222 | n=63150 | primary=('mongo1', 27017)      | OK     ( 0.00s) 
13:14:12.238 | n=63200 | primary=('mongo1', 27017)      | OK     ( 0.00s) 
13:14:12.254 | n=63250 | primary=('mongo1', 27017)      | OK     ( 0.00s) 
13:14:12.269 | n=63300 | primary=('mongo1', 27017)      | OK     ( 0.00s) 
13:14:12.285 | n=63350 | primary=('mongo1', 27017)      | OK     ( 0.00s) 
13:14:12.300 | n=63400 | primary=('mongo1', 27017)      | OK     ( 0.00s) 
13:14:12.316 | n=63450 | primary=('mongo1', 27017)      | OK     ( 0.00s) 
13:14:12.332 | n=63500 | primary=('mongo1', 27017)      | OK     ( 0.00s) 
13:14:12.347 | n=63550 | primary=('mongo1', 27017)      | OK     ( 0.00s) 
13:14:12.365 | n=63600 | primary=('mongo1', 27017)      | OK     ( 0.00s) 
13:14:12.382 | n=63650 | primary=('mongo1', 27017)      | OK     ( 0.00s) 
13:14:12.401 | n=63700 | primary=('mongo1', 27017)      | OK     ( 0.00s) 
13:14:12.419 | n=63750 | primary=('mongo1', 27017)      | OK     ( 0.00s) 
13:14:12.438 | n=63800 | primary=('mongo1', 27017)      | OK     ( 0.00s) 
13:14:12.455 | n=63850 | primary=('mongo1', 27017)      | OK     ( 0.00s) 
13:14:12.473 | n=63900 | primary=('mongo1', 27017)      | OK     ( 0.00s) 
13:14:12.491 | n=63950 | primary=('mongo1', 27017)      | OK     ( 0.00s) 
13:14:12.508 | n=64000 | primary=('mongo1', 27017)      | OK     ( 0.00s) 
13:14:12.524 | n=64050 | primary=('mongo1', 27017)      | OK     ( 0.00s) 
13:14:12.541 | n=64100 | primary=('mongo1', 27017)      | OK     ( 0.00s) 
13:14:12.559 | n=64150 | primary=('mongo1', 27017)      | OK     ( 0.00s) 
13:14:12.577 | n=64200 | primary=('mongo1', 27017)      | OK     ( 0.00s) 
13:14:12.595 | n=64250 | primary=('mongo1', 27017)      | OK     ( 0.00s) 
13:14:12.611 | n=64300 | primary=('mongo1', 27017)      | OK     ( 0.00s) 
13:14:12.627 | n=64350 | primary=('mongo1', 27017)      | OK     ( 0.00s) 
13:14:12.643 | n=64400 | primary=('mongo1', 27017)      | OK     ( 0.00s) 
13:14:12.660 | n=64450 | primary=('mongo1', 27017)      | OK     ( 0.00s) 
13:14:12.677 | n=64500 | primary=('mongo1', 27017)      | OK     ( 0.00s) 
13:14:12.693 | n=64550 | primary=('mongo1', 27017)      | OK     ( 0.00s) 
13:14:12.710 | n=64600 | primary=('mongo1', 27017)      | OK     ( 0.00s) 
13:14:12.727 | n=64650 | primary=('mongo1', 27017)      | OK     ( 0.00s) 
13:14:12.745 | n=64700 | primary=('mongo1', 27017)      | OK     ( 0.00s) 
13:14:12.763 | n=64750 | primary=('mongo1', 27017)      | OK     ( 0.00s) 
13:14:12.783 | n=64800 | primary=('mongo1', 27017)      | OK     ( 0.00s) 
13:14:12.800 | n=64850 | primary=('mongo1', 27017)      | OK     ( 0.00s) 
13:14:12.817 | n=64900 | primary=('mongo1', 27017)      | OK     ( 0.00s) 
13:14:12.833 | n=64950 | primary=('mongo1', 27017)      | OK     ( 0.00s) 
13:14:12.851 | n=65000 | primary=('mongo1', 27017)      | OK     ( 0.00s) 
13:14:12.868 | n=65050 | primary=('mongo1', 27017)      | OK     ( 0.00s) 
13:14:12.884 | n=65100 | primary=('mongo1', 27017)      | OK     ( 0.00s) 
13:14:12.901 | n=65150 | primary=('mongo1', 27017)      | OK     ( 0.00s) 
13:14:12.918 | n=65200 | primary=('mongo1', 27017)      | OK     ( 0.00s) 
13:14:12.934 | n=65250 | primary=('mongo1', 27017)      | OK     ( 0.00s) 
13:14:12.952 | n=65300 | primary=('mongo1', 27017)      | OK     ( 0.00s) 
13:14:12.971 | n=65350 | primary=('mongo1', 27017)      | OK     ( 0.00s) 
13:14:12.988 | n=65400 | primary=('mongo1', 27017)      | OK     ( 0.00s) 
13:14:13.006 | n=65450 | primary=('mongo1', 27017)      | OK     ( 0.00s) 
13:14:13.022 | n=65500 | primary=('mongo1', 27017)      | OK     ( 0.00s) 
13:14:13.039 | n=65550 | primary=('mongo1', 27017)      | OK     ( 0.00s) 
13:14:13.056 | n=65600 | primary=('mongo1', 27017)      | OK     ( 0.00s) 
13:14:13.073 | n=65650 | primary=('mongo1', 27017)      | OK     ( 0.00s) 
13:14:13.090 | n=65700 | primary=('mongo1', 27017)      | OK     ( 0.00s) 
13:14:13.107 | n=65750 | primary=('mongo1', 27017)      | OK     ( 0.00s) 
13:14:13.123 | n=65800 | primary=('mongo1', 27017)      | OK     ( 0.00s) 
13:14:13.141 | n=65850 | primary=('mongo1', 27017)      | OK     ( 0.00s) 
13:14:13.159 | n=65900 | primary=('mongo1', 27017)      | OK     ( 0.00s) 
13:14:13.175 | n=65950 | primary=('mongo1', 27017)      | OK     ( 0.00s) 
13:14:13.191 | n=66000 | primary=('mongo1', 27017)      | OK     ( 0.00s) 
13:14:13.208 | n=66050 | primary=('mongo1', 27017)      | OK     ( 0.00s) 
13:14:13.224 | n=66100 | primary=('mongo1', 27017)      | OK     ( 0.00s) 
13:14:13.244 | n=66150 | primary=('mongo1', 27017)      | OK     ( 0.00s) 
13:14:13.261 | n=66200 | primary=('mongo1', 27017)      | OK     ( 0.00s) 
13:14:13.278 | n=66250 | primary=('mongo1', 27017)      | OK     ( 0.00s) 
13:14:13.294 | n=66300 | primary=('mongo1', 27017)      | OK     ( 0.00s) 
13:14:13.310 | n=66350 | primary=('mongo1', 27017)      | OK     ( 0.00s) 
13:14:13.326 | n=66400 | primary=('mongo1', 27017)      | OK     ( 0.00s) 
13:14:13.343 | n=66450 | primary=('mongo1', 27017)      | OK     ( 0.00s) 
13:14:13.360 | n=66500 | primary=('mongo1', 27017)      | OK     ( 0.00s) 
13:14:13.377 | n=66550 | primary=('mongo1', 27017)      | OK     ( 0.00s) 
13:14:13.394 | n=66600 | primary=('mongo1', 27017)      | OK     ( 0.00s) 
13:14:13.414 | n=66650 | primary=('mongo1', 27017)      | OK     ( 0.00s) 
13:14:13.431 | n=66700 | primary=('mongo1', 27017)      | OK     ( 0.00s) 
13:14:13.448 | n=66750 | primary=('mongo1', 27017)      | OK     ( 0.00s) 
13:14:13.464 | n=66800 | primary=('mongo1', 27017)      | OK     ( 0.00s) 
13:14:13.482 | n=66850 | primary=('mongo1', 27017)      | OK     ( 0.00s) 
13:14:13.500 | n=66900 | primary=('mongo1', 27017)      | OK     ( 0.00s) 
13:14:13.517 | n=66950 | primary=('mongo1', 27017)      | OK     ( 0.00s) 
13:14:13.536 | n=67000 | primary=('mongo1', 27017)      | OK     ( 0.00s) 
13:14:13.552 | n=67050 | primary=('mongo1', 27017)      | OK     ( 0.00s) 
13:14:13.571 | n=67100 | primary=('mongo1', 27017)      | OK     ( 0.00s) 
13:14:13.589 | n=67150 | primary=('mongo1', 27017)      | OK     ( 0.00s) 
13:14:13.609 | n=67200 | primary=('mongo1', 27017)      | OK     ( 0.00s) 
13:14:13.626 | n=67250 | primary=('mongo1', 27017)      | OK     ( 0.00s) 
13:14:13.643 | n=67300 | primary=('mongo1', 27017)      | OK     ( 0.00s) 
13:14:13.658 | n=67350 | primary=('mongo1', 27017)      | OK     ( 0.00s) 
13:14:13.675 | n=67400 | primary=('mongo1', 27017)      | OK     ( 0.00s) 
13:14:13.690 | n=67450 | primary=('mongo1', 27017)      | OK     ( 0.00s) 
13:14:13.707 | n=67500 | primary=('mongo1', 27017)      | OK     ( 0.00s) 
13:14:13.722 | n=67550 | primary=('mongo1', 27017)      | OK     ( 0.00s) 
13:14:13.738 | n=67600 | primary=('mongo1', 27017)      | OK     ( 0.00s) 
13:14:13.754 | n=67650 | primary=('mongo1', 27017)      | OK     ( 0.00s) 
13:14:13.771 | n=67700 | primary=('mongo1', 27017)      | OK     ( 0.00s) 
13:14:13.788 | n=67750 | primary=('mongo1', 27017)      | OK     ( 0.00s) 
13:14:13.804 | n=67800 | primary=('mongo1', 27017)      | OK     ( 0.00s) 
13:14:13.820 | n=67850 | primary=('mongo1', 27017)      | OK     ( 0.00s) 
13:14:13.837 | n=67900 | primary=('mongo1', 27017)      | OK     ( 0.00s) 
13:14:13.852 | n=67950 | primary=('mongo1', 27017)      | OK     ( 0.00s) 
13:14:13.868 | n=68000 | primary=('mongo1', 27017)      | OK     ( 0.00s) 
13:14:13.884 | n=68050 | primary=('mongo1', 27017)      | OK     ( 0.00s) 
13:14:13.900 | n=68100 | primary=('mongo1', 27017)      | OK     ( 0.00s) 
13:14:13.916 | n=68150 | primary=('mongo1', 27017)      | OK     ( 0.00s) 
13:14:13.932 | n=68200 | primary=('mongo1', 27017)      | OK     ( 0.00s) 
13:14:13.949 | n=68250 | primary=('mongo1', 27017)      | OK     ( 0.00s) 
13:14:13.964 | n=68300 | primary=('mongo1', 27017)      | OK     ( 0.00s) 
13:14:13.980 | n=68350 | primary=('mongo1', 27017)      | OK     ( 0.00s) 
13:14:13.997 | n=68400 | primary=('mongo1', 27017)      | OK     ( 0.00s) 
13:14:14.014 | n=68450 | primary=('mongo1', 27017)      | OK     ( 0.00s) 
13:14:14.030 | n=68500 | primary=('mongo1', 27017)      | OK     ( 0.00s) 
13:14:14.047 | n=68550 | primary=('mongo1', 27017)      | OK     ( 0.00s) 
13:14:14.062 | n=68600 | primary=('mongo1', 27017)      | OK     ( 0.00s) 
13:14:14.078 | n=68650 | primary=('mongo1', 27017)      | OK     ( 0.00s) 
13:14:14.095 | n=68700 | primary=('mongo1', 27017)      | OK     ( 0.00s) 
13:14:14.111 | n=68750 | primary=('mongo1', 27017)      | OK     ( 0.00s) 
13:14:14.126 | n=68800 | primary=('mongo1', 27017)      | OK     ( 0.00s) 
13:14:14.142 | n=68850 | primary=('mongo1', 27017)      | OK     ( 0.00s) 
13:14:14.158 | n=68900 | primary=('mongo1', 27017)      | OK     ( 0.00s) 
13:14:14.173 | n=68950 | primary=('mongo1', 27017)      | OK     ( 0.00s) 
13:14:14.189 | n=69000 | primary=('mongo1', 27017)      | OK     ( 0.00s) 
13:14:14.205 | n=69050 | primary=('mongo1', 27017)      | OK     ( 0.00s) 
13:14:14.220 | n=69100 | primary=('mongo1', 27017)      | OK     ( 0.00s) 
13:14:14.235 | n=69150 | primary=('mongo1', 27017)      | OK     ( 0.00s) 
13:14:14.251 | n=69200 | primary=('mongo1', 27017)      | OK     ( 0.00s) 
13:14:14.266 | n=69250 | primary=('mongo1', 27017)      | OK     ( 0.00s) 
13:14:14.282 | n=69300 | primary=('mongo1', 27017)      | OK     ( 0.00s) 
13:14:14.298 | n=69350 | primary=('mongo1', 27017)      | OK     ( 0.00s) 
13:14:14.314 | n=69400 | primary=('mongo1', 27017)      | OK     ( 0.00s) 
13:14:14.329 | n=69450 | primary=('mongo1', 27017)      | OK     ( 0.00s) 
13:14:14.344 | n=69500 | primary=('mongo1', 27017)      | OK     ( 0.00s) 
13:14:14.361 | n=69550 | primary=('mongo1', 27017)      | OK     ( 0.00s) 
13:14:14.377 | n=69600 | primary=('mongo1', 27017)      | OK     ( 0.00s) 
13:14:14.393 | n=69650 | primary=('mongo1', 27017)      | OK     ( 0.00s) 
13:14:14.410 | n=69700 | primary=('mongo1', 27017)      | OK     ( 0.00s) 
13:14:14.425 | n=69750 | primary=('mongo1', 27017)      | OK     ( 0.00s) 
13:14:14.440 | n=69800 | primary=('mongo1', 27017)      | OK     ( 0.00s) 
13:14:14.456 | n=69850 | primary=('mongo1', 27017)      | OK     ( 0.00s) 
13:14:14.471 | n=69900 | primary=('mongo1', 27017)      | OK     ( 0.00s) 
13:14:14.487 | n=69950 | primary=('mongo1', 27017)      | OK     ( 0.00s) 
13:14:14.504 | n=70000 | primary=('mongo1', 27017)      | OK     ( 0.00s) 
13:14:14.520 | n=70050 | primary=('mongo1', 27017)      | OK     ( 0.00s) 
13:14:14.537 | n=70100 | primary=('mongo1', 27017)      | OK     ( 0.00s) 
13:14:14.554 | n=70150 | primary=('mongo1', 27017)      | OK     ( 0.00s) 
13:14:14.571 | n=70200 | primary=('mongo1', 27017)      | OK     ( 0.00s) 
13:14:14.587 | n=70250 | primary=('mongo1', 27017)      | OK     ( 0.00s) 
13:14:14.603 | n=70300 | primary=('mongo1', 27017)      | OK     ( 0.00s) 
13:14:14.619 | n=70350 | primary=('mongo1', 27017)      | OK     ( 0.00s) 
13:14:14.635 | n=70400 | primary=('mongo1', 27017)      | OK     ( 0.00s) 
13:14:14.650 | n=70450 | primary=('mongo1', 27017)      | OK     ( 0.00s) 
13:14:14.665 | n=70500 | primary=('mongo1', 27017)      | OK     ( 0.00s) 
13:14:14.680 | n=70550 | primary=('mongo1', 27017)      | OK     ( 0.00s) 
13:14:14.695 | n=70600 | primary=('mongo1', 27017)      | OK     ( 0.00s) 
13:14:14.710 | n=70650 | primary=('mongo1', 27017)      | OK     ( 0.00s) 
13:14:14.726 | n=70700 | primary=('mongo1', 27017)      | OK     ( 0.00s) 
13:14:14.741 | n=70750 | primary=('mongo1', 27017)      | OK     ( 0.00s) 
13:14:14.758 | n=70800 | primary=('mongo1', 27017)      | OK     ( 0.00s) 
13:14:14.774 | n=70850 | primary=('mongo1', 27017)      | OK     ( 0.00s) 
13:14:14.791 | n=70900 | primary=('mongo1', 27017)      | OK     ( 0.00s) 
13:14:14.806 | n=70950 | primary=('mongo1', 27017)      | OK     ( 0.00s) 
13:14:14.822 | n=71000 | primary=('mongo1', 27017)      | OK     ( 0.00s) 
13:14:14.838 | n=71050 | primary=('mongo1', 27017)      | OK     ( 0.00s) 
13:14:14.853 | n=71100 | primary=('mongo1', 27017)      | OK     ( 0.00s) 
13:14:14.870 | n=71150 | primary=('mongo1', 27017)      | OK     ( 0.00s) 
13:14:14.885 | n=71200 | primary=('mongo1', 27017)      | OK     ( 0.00s) 
13:14:14.902 | n=71250 | primary=('mongo1', 27017)      | OK     ( 0.00s) 
13:14:14.919 | n=71300 | primary=('mongo1', 27017)      | OK     ( 0.00s) 
13:14:14.935 | n=71350 | primary=('mongo1', 27017)      | OK     ( 0.00s) 
13:14:14.951 | n=71400 | primary=('mongo1', 27017)      | OK     ( 0.00s) 
13:14:14.967 | n=71450 | primary=('mongo1', 27017)      | OK     ( 0.00s) 
13:14:14.983 | n=71500 | primary=('mongo1', 27017)      | OK     ( 0.00s) 
13:14:15.000 | n=71550 | primary=('mongo1', 27017)      | OK     ( 0.00s) 
13:14:15.017 | n=71600 | primary=('mongo1', 27017)      | OK     ( 0.00s) 
13:14:15.035 | n=71650 | primary=('mongo1', 27017)      | OK     ( 0.00s) 
13:14:15.051 | n=71700 | primary=('mongo1', 27017)      | OK     ( 0.00s) 
13:14:15.067 | n=71750 | primary=('mongo1', 27017)      | OK     ( 0.00s) 
13:14:15.083 | n=71800 | primary=('mongo1', 27017)      | OK     ( 0.00s) 
13:14:15.099 | n=71850 | primary=('mongo1', 27017)      | OK     ( 0.00s) 
13:14:15.115 | n=71900 | primary=('mongo1', 27017)      | OK     ( 0.00s) 
13:14:15.131 | n=71950 | primary=('mongo1', 27017)      | OK     ( 0.00s) 
13:14:15.146 | n=72000 | primary=('mongo1', 27017)      | OK     ( 0.00s) 
13:14:15.162 | n=72050 | primary=('mongo1', 27017)      | OK     ( 0.00s) 
13:14:15.178 | n=72100 | primary=('mongo1', 27017)      | OK     ( 0.00s) 
13:14:15.194 | n=72150 | primary=('mongo1', 27017)      | OK     ( 0.00s) 
13:14:15.209 | n=72200 | primary=('mongo1', 27017)      | OK     ( 0.00s) 
13:14:15.225 | n=72250 | primary=('mongo1', 27017)      | OK     ( 0.00s) 
13:14:15.241 | n=72300 | primary=('mongo1', 27017)      | OK     ( 0.00s) 
13:14:15.259 | n=72350 | primary=('mongo1', 27017)      | OK     ( 0.00s) 
13:14:15.276 | n=72400 | primary=('mongo1', 27017)      | OK     ( 0.00s) 
13:14:15.294 | n=72450 | primary=('mongo1', 27017)      | OK     ( 0.00s) 
13:14:15.310 | n=72500 | primary=('mongo1', 27017)      | OK     ( 0.00s) 
13:14:15.328 | n=72550 | primary=('mongo1', 27017)      | OK     ( 0.00s) 
13:14:15.347 | n=72600 | primary=('mongo1', 27017)      | OK     ( 0.00s) 
13:14:15.366 | n=72650 | primary=('mongo1', 27017)      | OK     ( 0.00s) 
13:14:15.382 | n=72700 | primary=('mongo1', 27017)      | OK     ( 0.00s) 
13:14:15.399 | n=72750 | primary=('mongo1', 27017)      | OK     ( 0.00s) 
13:14:15.414 | n=72800 | primary=('mongo1', 27017)      | OK     ( 0.00s) 
13:14:15.429 | n=72850 | primary=('mongo1', 27017)      | OK     ( 0.00s) 
13:14:15.445 | n=72900 | primary=('mongo1', 27017)      | OK     ( 0.00s) 
13:14:15.460 | n=72950 | primary=('mongo1', 27017)      | OK     ( 0.00s) 
13:14:15.476 | n=73000 | primary=('mongo1', 27017)      | OK     ( 0.00s) 
13:14:15.491 | n=73050 | primary=('mongo1', 27017)      | OK     ( 0.00s) 
13:14:15.507 | n=73100 | primary=('mongo1', 27017)      | OK     ( 0.00s) 
13:14:15.523 | n=73150 | primary=('mongo1', 27017)      | OK     ( 0.00s) 
13:14:15.538 | n=73200 | primary=('mongo1', 27017)      | OK     ( 0.00s) 
13:14:15.553 | n=73250 | primary=('mongo1', 27017)      | OK     ( 0.00s) 
13:14:15.570 | n=73300 | primary=('mongo1', 27017)      | OK     ( 0.00s) 
13:14:15.585 | n=73350 | primary=('mongo1', 27017)      | OK     ( 0.00s) 
13:14:15.601 | n=73400 | primary=('mongo1', 27017)      | OK     ( 0.00s) 
13:14:15.618 | n=73450 | primary=('mongo1', 27017)      | OK     ( 0.00s) 
13:14:15.635 | n=73500 | primary=('mongo1', 27017)      | OK     ( 0.00s) 
13:14:15.651 | n=73550 | primary=('mongo1', 27017)      | OK     ( 0.00s) 
13:14:15.668 | n=73600 | primary=('mongo1', 27017)      | OK     ( 0.00s) 
13:14:15.683 | n=73650 | primary=('mongo1', 27017)      | OK     ( 0.00s) 
13:14:15.699 | n=73700 | primary=('mongo1', 27017)      | OK     ( 0.00s) 
13:14:15.716 | n=73750 | primary=('mongo1', 27017)      | OK     ( 0.00s) 
13:14:15.732 | n=73800 | primary=('mongo1', 27017)      | OK     ( 0.00s) 
13:14:15.749 | n=73850 | primary=('mongo1', 27017)      | OK     ( 0.00s) 
13:14:15.765 | n=73900 | primary=('mongo1', 27017)      | OK     ( 0.00s) 
13:14:15.780 | n=73950 | primary=('mongo1', 27017)      | OK     ( 0.00s) 
13:14:15.797 | n=74000 | primary=('mongo1', 27017)      | OK     ( 0.00s) 
13:14:15.814 | n=74050 | primary=('mongo1', 27017)      | OK     ( 0.00s) 
13:14:15.830 | n=74100 | primary=('mongo1', 27017)      | OK     ( 0.00s) 
13:14:15.847 | n=74150 | primary=('mongo1', 27017)      | OK     ( 0.00s) 
13:14:15.862 | n=74200 | primary=('mongo1', 27017)      | OK     ( 0.00s) 
13:14:15.878 | n=74250 | primary=('mongo1', 27017)      | OK     ( 0.00s) 
13:14:15.893 | n=74300 | primary=('mongo1', 27017)      | OK     ( 0.00s) 
13:14:15.909 | n=74350 | primary=('mongo1', 27017)      | OK     ( 0.00s) 
13:14:15.924 | n=74400 | primary=('mongo1', 27017)      | OK     ( 0.00s) 
13:14:15.940 | n=74450 | primary=('mongo1', 27017)      | OK     ( 0.00s) 
13:14:15.955 | n=74500 | primary=('mongo1', 27017)      | OK     ( 0.00s) 
13:14:15.972 | n=74550 | primary=('mongo1', 27017)      | OK     ( 0.00s) 
13:14:15.987 | n=74600 | primary=('mongo1', 27017)      | OK     ( 0.00s) 
13:14:16.003 | n=74650 | primary=('mongo1', 27017)      | OK     ( 0.00s) 
13:14:16.020 | n=74700 | primary=('mongo1', 27017)      | OK     ( 0.00s) 
13:14:16.036 | n=74750 | primary=('mongo1', 27017)      | OK     ( 0.00s) 
13:14:16.052 | n=74800 | primary=('mongo1', 27017)      | OK     ( 0.00s) 
13:14:16.068 | n=74850 | primary=('mongo1', 27017)      | OK     ( 0.00s) 
13:14:16.083 | n=74900 | primary=('mongo1', 27017)      | OK     ( 0.00s) 
13:14:16.100 | n=74950 | primary=('mongo1', 27017)      | OK     ( 0.00s) 
13:14:16.115 | n=75000 | primary=('mongo1', 27017)      | OK     ( 0.00s) 
13:14:16.131 | n=75050 | primary=('mongo1', 27017)      | OK     ( 0.00s) 
13:14:16.147 | n=75100 | primary=('mongo1', 27017)      | OK     ( 0.00s) 
13:14:16.162 | n=75150 | primary=('mongo1', 27017)      | OK     ( 0.00s) 
13:14:16.178 | n=75200 | primary=('mongo1', 27017)      | OK     ( 0.00s) 
13:14:16.193 | n=75250 | primary=('mongo1', 27017)      | OK     ( 0.00s) 
13:14:16.210 | n=75300 | primary=('mongo1', 27017)      | OK     ( 0.00s) 
13:14:16.226 | n=75350 | primary=('mongo1', 27017)      | OK     ( 0.00s) 
13:14:16.242 | n=75400 | primary=('mongo1', 27017)      | OK     ( 0.00s) 
13:14:16.258 | n=75450 | primary=('mongo1', 27017)      | OK     ( 0.00s) 
13:14:16.274 | n=75500 | primary=('mongo1', 27017)      | OK     ( 0.00s) 
13:14:16.290 | n=75550 | primary=('mongo1', 27017)      | OK     ( 0.00s) 
13:14:16.306 | n=75600 | primary=('mongo1', 27017)      | OK     ( 0.00s) 
13:14:16.321 | n=75650 | primary=('mongo1', 27017)      | OK     ( 0.00s) 
13:14:16.336 | n=75700 | primary=('mongo1', 27017)      | OK     ( 0.00s) 
13:14:16.352 | n=75750 | primary=('mongo1', 27017)      | OK     ( 0.00s) 
13:14:16.368 | n=75800 | primary=('mongo1', 27017)      | OK     ( 0.00s) 
13:14:16.384 | n=75850 | primary=('mongo1', 27017)      | OK     ( 0.00s) 
13:14:16.399 | n=75900 | primary=('mongo1', 27017)      | OK     ( 0.00s) 
13:14:16.415 | n=75950 | primary=('mongo1', 27017)      | OK     ( 0.00s) 
13:14:16.430 | n=76000 | primary=('mongo1', 27017)      | OK     ( 0.00s) 
13:14:16.446 | n=76050 | primary=('mongo1', 27017)      | OK     ( 0.00s) 
13:14:16.461 | n=76100 | primary=('mongo1', 27017)      | OK     ( 0.00s) 
13:14:16.477 | n=76150 | primary=('mongo1', 27017)      | OK     ( 0.00s) 
13:14:16.493 | n=76200 | primary=('mongo1', 27017)      | OK     ( 0.00s) 
13:14:16.509 | n=76250 | primary=('mongo1', 27017)      | OK     ( 0.00s) 
13:14:16.525 | n=76300 | primary=('mongo1', 27017)      | OK     ( 0.00s) 
13:14:16.540 | n=76350 | primary=('mongo1', 27017)      | OK     ( 0.00s) 
13:14:16.556 | n=76400 | primary=('mongo1', 27017)      | OK     ( 0.00s) 
13:14:16.572 | n=76450 | primary=('mongo1', 27017)      | OK     ( 0.00s) 
13:14:16.588 | n=76500 | primary=('mongo1', 27017)      | OK     ( 0.00s) 
13:14:16.603 | n=76550 | primary=('mongo1', 27017)      | OK     ( 0.00s) 
13:14:16.619 | n=76600 | primary=('mongo1', 27017)      | OK     ( 0.00s) 
13:14:16.635 | n=76650 | primary=('mongo1', 27017)      | OK     ( 0.00s) 
13:14:16.653 | n=76700 | primary=('mongo1', 27017)      | OK     ( 0.00s) 
13:14:16.670 | n=76750 | primary=('mongo1', 27017)      | OK     ( 0.00s) 
13:14:16.687 | n=76800 | primary=('mongo1', 27017)      | OK     ( 0.00s) 
13:14:16.703 | n=76850 | primary=('mongo1', 27017)      | OK     ( 0.00s) 
13:14:16.721 | n=76900 | primary=('mongo1', 27017)      | OK     ( 0.00s) 
13:14:16.736 | n=76950 | primary=('mongo1', 27017)      | OK     ( 0.00s) 
13:14:16.751 | n=77000 | primary=('mongo1', 27017)      | OK     ( 0.00s) 
13:14:16.768 | n=77050 | primary=('mongo1', 27017)      | OK     ( 0.00s) 
13:14:16.785 | n=77100 | primary=('mongo1', 27017)      | OK     ( 0.00s) 
13:14:16.801 | n=77150 | primary=('mongo1', 27017)      | OK     ( 0.00s) 
13:14:16.817 | n=77200 | primary=('mongo1', 27017)      | OK     ( 0.00s) 
13:14:16.833 | n=77250 | primary=('mongo1', 27017)      | OK     ( 0.00s) 
13:14:16.849 | n=77300 | primary=('mongo1', 27017)      | OK     ( 0.00s) 
13:14:16.865 | n=77350 | primary=('mongo1', 27017)      | OK     ( 0.00s) 
13:14:16.880 | n=77400 | primary=('mongo1', 27017)      | OK     ( 0.00s) 
13:14:16.897 | n=77450 | primary=('mongo1', 27017)      | OK     ( 0.00s) 
13:14:16.912 | n=77500 | primary=('mongo1', 27017)      | OK     ( 0.00s) 
13:14:16.929 | n=77550 | primary=('mongo1', 27017)      | OK     ( 0.00s) 
13:14:16.945 | n=77600 | primary=('mongo1', 27017)      | OK     ( 0.00s) 
13:14:16.961 | n=77650 | primary=('mongo1', 27017)      | OK     ( 0.00s) 
13:14:16.976 | n=77700 | primary=('mongo1', 27017)      | OK     ( 0.00s) 
13:14:16.993 | n=77750 | primary=('mongo1', 27017)      | OK     ( 0.00s) 
13:14:17.010 | n=77800 | primary=('mongo1', 27017)      | OK     ( 0.00s) 
13:14:17.027 | n=77850 | primary=('mongo1', 27017)      | OK     ( 0.00s) 
13:14:17.042 | n=77900 | primary=('mongo1', 27017)      | OK     ( 0.00s) 
13:14:17.058 | n=77950 | primary=('mongo1', 27017)      | OK     ( 0.00s) 
13:14:17.074 | n=78000 | primary=('mongo1', 27017)      | OK     ( 0.00s) 
13:14:17.090 | n=78050 | primary=('mongo1', 27017)      | OK     ( 0.00s) 
13:14:17.106 | n=78100 | primary=('mongo1', 27017)      | OK     ( 0.00s) 
13:14:17.122 | n=78150 | primary=('mongo1', 27017)      | OK     ( 0.00s) 
13:14:17.137 | n=78200 | primary=('mongo1', 27017)      | OK     ( 0.00s) 
13:14:17.153 | n=78250 | primary=('mongo1', 27017)      | OK     ( 0.00s) 
13:14:17.168 | n=78300 | primary=('mongo1', 27017)      | OK     ( 0.00s) 
13:14:17.184 | n=78350 | primary=('mongo1', 27017)      | OK     ( 0.00s) 
13:14:17.199 | n=78400 | primary=('mongo1', 27017)      | OK     ( 0.00s) 
13:14:17.215 | n=78450 | primary=('mongo1', 27017)      | OK     ( 0.00s) 
13:14:17.230 | n=78500 | primary=('mongo1', 27017)      | OK     ( 0.00s) 
13:14:17.247 | n=78550 | primary=('mongo1', 27017)      | OK     ( 0.00s) 
13:14:17.262 | n=78600 | primary=('mongo1', 27017)      | OK     ( 0.00s) 
13:14:17.278 | n=78650 | primary=('mongo1', 27017)      | OK     ( 0.00s) 
13:14:17.294 | n=78700 | primary=('mongo1', 27017)      | OK     ( 0.00s) 
13:14:17.309 | n=78750 | primary=('mongo1', 27017)      | OK     ( 0.00s) 
13:14:17.325 | n=78800 | primary=('mongo1', 27017)      | OK     ( 0.00s) 
13:14:17.340 | n=78850 | primary=('mongo1', 27017)      | OK     ( 0.00s) 
13:14:17.356 | n=78900 | primary=('mongo1', 27017)      | OK     ( 0.00s) 
13:14:17.373 | n=78950 | primary=('mongo1', 27017)      | OK     ( 0.00s) 
13:14:17.389 | n=79000 | primary=('mongo1', 27017)      | OK     ( 0.00s) 
13:14:17.405 | n=79050 | primary=('mongo1', 27017)      | OK     ( 0.00s) 
13:14:17.421 | n=79100 | primary=('mongo1', 27017)      | OK     ( 0.00s) 
13:14:17.437 | n=79150 | primary=('mongo1', 27017)      | OK     ( 0.00s) 
13:14:17.452 | n=79200 | primary=('mongo1', 27017)      | OK     ( 0.00s) 
13:14:17.468 | n=79250 | primary=('mongo1', 27017)      | OK     ( 0.00s) 
13:14:17.485 | n=79300 | primary=('mongo1', 27017)      | OK     ( 0.00s) 
13:14:17.500 | n=79350 | primary=('mongo1', 27017)      | OK     ( 0.00s) 
13:14:17.516 | n=79400 | primary=('mongo1', 27017)      | OK     ( 0.00s) 
13:14:17.533 | n=79450 | primary=('mongo1', 27017)      | OK     ( 0.00s) 
13:14:17.548 | n=79500 | primary=('mongo1', 27017)      | OK     ( 0.00s) 
13:14:17.565 | n=79550 | primary=('mongo1', 27017)      | OK     ( 0.00s) 
13:14:17.581 | n=79600 | primary=('mongo1', 27017)      | OK     ( 0.00s) 
13:14:17.597 | n=79650 | primary=('mongo1', 27017)      | OK     ( 0.00s) 
13:14:17.612 | n=79700 | primary=('mongo1', 27017)      | OK     ( 0.00s) 
13:14:17.628 | n=79750 | primary=('mongo1', 27017)      | OK     ( 0.00s) 
13:14:17.644 | n=79800 | primary=('mongo1', 27017)      | OK     ( 0.00s) 
13:14:17.660 | n=79850 | primary=('mongo1', 27017)      | OK     ( 0.00s) 
13:14:17.675 | n=79900 | primary=('mongo1', 27017)      | OK     ( 0.00s) 
13:14:17.692 | n=79950 | primary=('mongo1', 27017)      | OK     ( 0.00s) 
13:14:17.707 | n=80000 | primary=('mongo1', 27017)      | OK     ( 0.00s) 
13:14:17.723 | n=80050 | primary=('mongo1', 27017)      | OK     ( 0.00s) 
13:14:17.739 | n=80100 | primary=('mongo1', 27017)      | OK     ( 0.00s) 
13:14:17.756 | n=80150 | primary=('mongo1', 27017)      | OK     ( 0.00s) 
13:14:17.773 | n=80200 | primary=('mongo1', 27017)      | OK     ( 0.00s) 
13:14:17.788 | n=80250 | primary=('mongo1', 27017)      | OK     ( 0.00s) 
13:14:17.803 | n=80300 | primary=('mongo1', 27017)      | OK     ( 0.00s) 
13:14:17.819 | n=80350 | primary=('mongo1', 27017)      | OK     ( 0.00s) 
13:14:17.835 | n=80400 | primary=('mongo1', 27017)      | OK     ( 0.00s) 
13:14:17.851 | n=80450 | primary=('mongo1', 27017)      | OK     ( 0.00s) 
13:14:17.867 | n=80500 | primary=('mongo1', 27017)      | OK     ( 0.00s) 
13:14:17.882 | n=80550 | primary=('mongo1', 27017)      | OK     ( 0.00s) 
13:14:17.898 | n=80600 | primary=('mongo1', 27017)      | OK     ( 0.00s) 
13:14:17.914 | n=80650 | primary=('mongo1', 27017)      | OK     ( 0.00s) 
13:14:17.929 | n=80700 | primary=('mongo1', 27017)      | OK     ( 0.00s) 
13:14:17.945 | n=80750 | primary=('mongo1', 27017)      | OK     ( 0.00s) 
13:14:17.960 | n=80800 | primary=('mongo1', 27017)      | OK     ( 0.00s) 
13:14:17.975 | n=80850 | primary=('mongo1', 27017)      | OK     ( 0.00s) 
13:14:17.991 | n=80900 | primary=('mongo1', 27017)      | OK     ( 0.00s) 
13:14:18.008 | n=80950 | primary=('mongo1', 27017)      | OK     ( 0.00s) 
13:14:18.024 | n=81000 | primary=('mongo1', 27017)      | OK     ( 0.00s) 
13:14:18.040 | n=81050 | primary=('mongo1', 27017)      | OK     ( 0.00s) 
13:14:18.055 | n=81100 | primary=('mongo1', 27017)      | OK     ( 0.00s) 
13:14:18.071 | n=81150 | primary=('mongo1', 27017)      | OK     ( 0.00s) 
13:14:18.087 | n=81200 | primary=('mongo1', 27017)      | OK     ( 0.00s) 
13:14:18.102 | n=81250 | primary=('mongo1', 27017)      | OK     ( 0.00s) 
13:14:18.119 | n=81300 | primary=('mongo1', 27017)      | OK     ( 0.00s) 
13:14:18.134 | n=81350 | primary=('mongo1', 27017)      | OK     ( 0.00s) 
13:14:18.150 | n=81400 | primary=('mongo1', 27017)      | OK     ( 0.00s) 
13:14:18.165 | n=81450 | primary=('mongo1', 27017)      | OK     ( 0.00s) 
13:14:18.180 | n=81500 | primary=('mongo1', 27017)      | OK     ( 0.00s) 
13:14:18.196 | n=81550 | primary=('mongo1', 27017)      | OK     ( 0.00s) 
13:14:18.212 | n=81600 | primary=('mongo1', 27017)      | OK     ( 0.00s) 
13:14:18.227 | n=81650 | primary=('mongo1', 27017)      | OK     ( 0.00s) 
13:14:18.243 | n=81700 | primary=('mongo1', 27017)      | OK     ( 0.00s) 
13:14:18.259 | n=81750 | primary=('mongo1', 27017)      | OK     ( 0.00s) 
13:14:18.275 | n=81800 | primary=('mongo1', 27017)      | OK     ( 0.00s) 
13:14:18.291 | n=81850 | primary=('mongo1', 27017)      | OK     ( 0.00s) 
13:14:18.307 | n=81900 | primary=('mongo1', 27017)      | OK     ( 0.00s) 
13:14:18.323 | n=81950 | primary=('mongo1', 27017)      | OK     ( 0.00s) 
13:14:18.339 | n=82000 | primary=('mongo1', 27017)      | OK     ( 0.00s) 
13:14:18.355 | n=82050 | primary=('mongo1', 27017)      | OK     ( 0.00s) 
13:14:18.371 | n=82100 | primary=('mongo1', 27017)      | OK     ( 0.00s) 
13:14:18.386 | n=82150 | primary=('mongo1', 27017)      | OK     ( 0.00s) 
13:14:18.403 | n=82200 | primary=('mongo1', 27017)      | OK     ( 0.00s) 
13:14:18.418 | n=82250 | primary=('mongo1', 27017)      | OK     ( 0.00s) 
13:14:18.434 | n=82300 | primary=('mongo1', 27017)      | OK     ( 0.00s) 
13:14:18.450 | n=82350 | primary=('mongo1', 27017)      | OK     ( 0.00s) 
13:14:18.466 | n=82400 | primary=('mongo1', 27017)      | OK     ( 0.00s) 
13:14:18.481 | n=82450 | primary=('mongo1', 27017)      | OK     ( 0.00s) 
13:14:18.497 | n=82500 | primary=('mongo1', 27017)      | OK     ( 0.00s) 
13:14:18.512 | n=82550 | primary=('mongo1', 27017)      | OK     ( 0.00s) 
13:14:18.528 | n=82600 | primary=('mongo1', 27017)      | OK     ( 0.00s) 
13:14:18.544 | n=82650 | primary=('mongo1', 27017)      | OK     ( 0.00s) 
13:14:18.560 | n=82700 | primary=('mongo1', 27017)      | OK     ( 0.00s) 
13:14:18.576 | n=82750 | primary=('mongo1', 27017)      | OK     ( 0.00s) 
13:14:18.591 | n=82800 | primary=('mongo1', 27017)      | OK     ( 0.00s) 
13:14:18.608 | n=82850 | primary=('mongo1', 27017)      | OK     ( 0.00s) 
13:14:18.623 | n=82900 | primary=('mongo1', 27017)      | OK     ( 0.00s) 
13:14:18.639 | n=82950 | primary=('mongo1', 27017)      | OK     ( 0.00s) 
13:14:18.654 | n=83000 | primary=('mongo1', 27017)      | OK     ( 0.00s) 
13:14:18.670 | n=83050 | primary=('mongo1', 27017)      | OK     ( 0.00s) 
13:14:18.685 | n=83100 | primary=('mongo1', 27017)      | OK     ( 0.00s) 
13:14:18.701 | n=83150 | primary=('mongo1', 27017)      | OK     ( 0.00s) 
13:14:18.716 | n=83200 | primary=('mongo1', 27017)      | OK     ( 0.00s) 
13:14:18.732 | n=83250 | primary=('mongo1', 27017)      | OK     ( 0.00s) 
13:14:18.750 | n=83300 | primary=('mongo1', 27017)      | OK     ( 0.00s) 
13:14:18.766 | n=83350 | primary=('mongo1', 27017)      | OK     ( 0.00s) 
13:14:18.784 | n=83400 | primary=('mongo1', 27017)      | OK     ( 0.00s) 
13:14:18.801 | n=83450 | primary=('mongo1', 27017)      | OK     ( 0.00s) 
13:14:18.816 | n=83500 | primary=('mongo1', 27017)      | OK     ( 0.00s) 
13:14:18.832 | n=83550 | primary=('mongo1', 27017)      | OK     ( 0.00s) 
13:14:18.848 | n=83600 | primary=('mongo1', 27017)      | OK     ( 0.00s) 
13:14:18.863 | n=83650 | primary=('mongo1', 27017)      | OK     ( 0.00s) 
13:14:18.879 | n=83700 | primary=('mongo1', 27017)      | OK     ( 0.00s) 
13:14:18.893 | n=83750 | primary=('mongo1', 27017)      | OK     ( 0.00s) 
13:14:18.909 | n=83800 | primary=('mongo1', 27017)      | OK     ( 0.00s) 
13:14:18.925 | n=83850 | primary=('mongo1', 27017)      | OK     ( 0.00s) 
13:14:18.941 | n=83900 | primary=('mongo1', 27017)      | OK     ( 0.00s) 
13:14:18.957 | n=83950 | primary=('mongo1', 27017)      | OK     ( 0.00s) 
13:14:18.973 | n=84000 | primary=('mongo1', 27017)      | OK     ( 0.00s) 
13:14:18.989 | n=84050 | primary=('mongo1', 27017)      | OK     ( 0.00s) 
13:14:19.004 | n=84100 | primary=('mongo1', 27017)      | OK     ( 0.00s) 
13:14:19.021 | n=84150 | primary=('mongo1', 27017)      | OK     ( 0.00s) 
13:14:19.037 | n=84200 | primary=('mongo1', 27017)      | OK     ( 0.00s) 
13:14:19.052 | n=84250 | primary=('mongo1', 27017)      | OK     ( 0.00s) 
13:14:19.068 | n=84300 | primary=('mongo1', 27017)      | OK     ( 0.00s) 
13:14:19.084 | n=84350 | primary=('mongo1', 27017)      | OK     ( 0.00s) 
13:14:19.100 | n=84400 | primary=('mongo1', 27017)      | OK     ( 0.00s) 
13:14:19.117 | n=84450 | primary=('mongo1', 27017)      | OK     ( 0.00s) 
13:14:19.133 | n=84500 | primary=('mongo1', 27017)      | OK     ( 0.00s) 
13:14:19.149 | n=84550 | primary=('mongo1', 27017)      | OK     ( 0.00s) 
13:14:19.164 | n=84600 | primary=('mongo1', 27017)      | OK     ( 0.00s) 
13:14:19.180 | n=84650 | primary=('mongo1', 27017)      | OK     ( 0.00s) 
13:14:19.195 | n=84700 | primary=('mongo1', 27017)      | OK     ( 0.00s) 
13:14:19.211 | n=84750 | primary=('mongo1', 27017)      | OK     ( 0.00s) 
13:14:19.227 | n=84800 | primary=('mongo1', 27017)      | OK     ( 0.00s) 
13:14:19.243 | n=84850 | primary=('mongo1', 27017)      | OK     ( 0.00s) 
13:14:19.259 | n=84900 | primary=('mongo1', 27017)      | OK     ( 0.00s) 
13:14:19.275 | n=84950 | primary=('mongo1', 27017)      | OK     ( 0.00s) 
13:14:19.291 | n=85000 | primary=('mongo1', 27017)      | OK     ( 0.00s) 
13:14:19.306 | n=85050 | primary=('mongo1', 27017)      | OK     ( 0.00s) 
13:14:19.321 | n=85100 | primary=('mongo1', 27017)      | OK     ( 0.00s) 
13:14:19.338 | n=85150 | primary=('mongo1', 27017)      | OK     ( 0.00s) 
13:14:19.354 | n=85200 | primary=('mongo1', 27017)      | OK     ( 0.00s) 
13:14:19.369 | n=85250 | primary=('mongo1', 27017)      | OK     ( 0.00s) 
13:14:19.385 | n=85300 | primary=('mongo1', 27017)      | OK     ( 0.00s) 
13:14:19.401 | n=85350 | primary=('mongo1', 27017)      | OK     ( 0.00s) 
13:14:19.417 | n=85400 | primary=('mongo1', 27017)      | OK     ( 0.00s) 
13:14:19.433 | n=85450 | primary=('mongo1', 27017)      | OK     ( 0.00s) 
13:14:19.449 | n=85500 | primary=('mongo1', 27017)      | OK     ( 0.00s) 
13:14:19.465 | n=85550 | primary=('mongo1', 27017)      | OK     ( 0.00s) 
13:14:19.481 | n=85600 | primary=('mongo1', 27017)      | OK     ( 0.00s) 
13:14:19.497 | n=85650 | primary=('mongo1', 27017)      | OK     ( 0.00s) 
13:14:19.513 | n=85700 | primary=('mongo1', 27017)      | OK     ( 0.00s) 
13:14:19.529 | n=85750 | primary=('mongo1', 27017)      | OK     ( 0.00s) 
13:14:19.544 | n=85800 | primary=('mongo1', 27017)      | OK     ( 0.00s) 
13:14:19.561 | n=85850 | primary=('mongo1', 27017)      | OK     ( 0.00s) 
13:14:19.576 | n=85900 | primary=('mongo1', 27017)      | OK     ( 0.00s) 
13:14:19.592 | n=85950 | primary=('mongo1', 27017)      | OK     ( 0.00s) 
13:14:19.608 | n=86000 | primary=('mongo1', 27017)      | OK     ( 0.00s) 
13:14:19.624 | n=86050 | primary=('mongo1', 27017)      | OK     ( 0.00s) 
13:14:19.640 | n=86100 | primary=('mongo1', 27017)      | OK     ( 0.00s) 
13:14:19.655 | n=86150 | primary=('mongo1', 27017)      | OK     ( 0.00s) 
13:14:19.671 | n=86200 | primary=('mongo1', 27017)      | OK     ( 0.00s) 
13:14:19.687 | n=86250 | primary=('mongo1', 27017)      | OK     ( 0.00s) 
13:14:19.703 | n=86300 | primary=('mongo1', 27017)      | OK     ( 0.00s) 
13:14:19.718 | n=86350 | primary=('mongo1', 27017)      | OK     ( 0.00s) 
13:14:19.735 | n=86400 | primary=('mongo1', 27017)      | OK     ( 0.00s) 
13:14:19.750 | n=86450 | primary=('mongo1', 27017)      | OK     ( 0.00s) 
13:14:19.766 | n=86500 | primary=('mongo1', 27017)      | OK     ( 0.00s) 
13:14:19.782 | n=86550 | primary=('mongo1', 27017)      | OK     ( 0.00s) 
13:14:19.797 | n=86600 | primary=('mongo1', 27017)      | OK     ( 0.00s) 
13:14:19.813 | n=86650 | primary=('mongo1', 27017)      | OK     ( 0.00s) 
13:14:19.828 | n=86700 | primary=('mongo1', 27017)      | OK     ( 0.00s) 
13:14:19.844 | n=86750 | primary=('mongo1', 27017)      | OK     ( 0.00s) 
13:14:19.860 | n=86800 | primary=('mongo1', 27017)      | OK     ( 0.00s) 
13:14:19.876 | n=86850 | primary=('mongo1', 27017)      | OK     ( 0.00s) 
13:14:19.892 | n=86900 | primary=('mongo1', 27017)      | OK     ( 0.00s) 
13:14:19.907 | n=86950 | primary=('mongo1', 27017)      | OK     ( 0.00s) 
13:14:19.923 | n=87000 | primary=('mongo1', 27017)      | OK     ( 0.00s) 
13:14:19.939 | n=87050 | primary=('mongo1', 27017)      | OK     ( 0.00s) 
13:14:19.955 | n=87100 | primary=('mongo1', 27017)      | OK     ( 0.00s) 
13:14:19.970 | n=87150 | primary=('mongo1', 27017)      | OK     ( 0.00s) 
13:14:19.987 | n=87200 | primary=('mongo1', 27017)      | OK     ( 0.00s) 
13:14:20.004 | n=87250 | primary=('mongo1', 27017)      | OK     ( 0.00s) 
13:14:20.021 | n=87300 | primary=('mongo1', 27017)      | OK     ( 0.00s) 
13:14:20.036 | n=87350 | primary=('mongo1', 27017)      | OK     ( 0.00s) 
13:14:20.052 | n=87400 | primary=('mongo1', 27017)      | OK     ( 0.00s) 
13:14:20.068 | n=87450 | primary=('mongo1', 27017)      | OK     ( 0.00s) 
13:14:20.083 | n=87500 | primary=('mongo1', 27017)      | OK     ( 0.00s) 
13:14:20.100 | n=87550 | primary=('mongo1', 27017)      | OK     ( 0.00s) 
13:14:20.116 | n=87600 | primary=('mongo1', 27017)      | OK     ( 0.00s) 
13:14:20.133 | n=87650 | primary=('mongo1', 27017)      | OK     ( 0.00s) 
13:14:20.148 | n=87700 | primary=('mongo1', 27017)      | OK     ( 0.00s) 
13:14:20.164 | n=87750 | primary=('mongo1', 27017)      | OK     ( 0.00s) 
13:14:20.180 | n=87800 | primary=('mongo1', 27017)      | OK     ( 0.00s) 
13:14:20.195 | n=87850 | primary=('mongo1', 27017)      | OK     ( 0.00s) 
13:14:20.211 | n=87900 | primary=('mongo1', 27017)      | OK     ( 0.00s) 
13:14:20.227 | n=87950 | primary=('mongo1', 27017)      | OK     ( 0.00s) 
13:14:20.243 | n=88000 | primary=('mongo1', 27017)      | OK     ( 0.00s) 
13:14:20.258 | n=88050 | primary=('mongo1', 27017)      | OK     ( 0.00s) 
13:14:20.274 | n=88100 | primary=('mongo1', 27017)      | OK     ( 0.00s) 
13:14:20.290 | n=88150 | primary=('mongo1', 27017)      | OK     ( 0.00s) 
13:14:20.306 | n=88200 | primary=('mongo1', 27017)      | OK     ( 0.00s) 
13:14:20.322 | n=88250 | primary=('mongo1', 27017)      | OK     ( 0.00s) 
13:14:20.338 | n=88300 | primary=('mongo1', 27017)      | OK     ( 0.00s) 
13:14:20.355 | n=88350 | primary=('mongo1', 27017)      | OK     ( 0.00s) 
13:14:20.370 | n=88400 | primary=('mongo1', 27017)      | OK     ( 0.00s) 
13:14:20.386 | n=88450 | primary=('mongo1', 27017)      | OK     ( 0.00s) 
13:14:20.403 | n=88500 | primary=('mongo1', 27017)      | OK     ( 0.00s) 
13:14:20.418 | n=88550 | primary=('mongo1', 27017)      | OK     ( 0.00s) 
13:14:20.434 | n=88600 | primary=('mongo1', 27017)      | OK     ( 0.00s) 
13:14:20.449 | n=88650 | primary=('mongo1', 27017)      | OK     ( 0.00s) 
13:14:20.465 | n=88700 | primary=('mongo1', 27017)      | OK     ( 0.00s) 
13:14:20.480 | n=88750 | primary=('mongo1', 27017)      | OK     ( 0.00s) 
13:14:20.496 | n=88800 | primary=('mongo1', 27017)      | OK     ( 0.00s) 
13:14:20.512 | n=88850 | primary=('mongo1', 27017)      | OK     ( 0.00s) 
13:14:20.528 | n=88900 | primary=('mongo1', 27017)      | OK     ( 0.00s) 
13:14:20.543 | n=88950 | primary=('mongo1', 27017)      | OK     ( 0.00s) 
13:14:20.559 | n=89000 | primary=('mongo1', 27017)      | OK     ( 0.00s) 
13:14:20.575 | n=89050 | primary=('mongo1', 27017)      | OK     ( 0.00s) 
13:14:20.590 | n=89100 | primary=('mongo1', 27017)      | OK     ( 0.00s) 
13:14:20.606 | n=89150 | primary=('mongo1', 27017)      | OK     ( 0.00s) 
13:14:20.622 | n=89200 | primary=('mongo1', 27017)      | OK     ( 0.00s) 
13:14:20.638 | n=89250 | primary=('mongo1', 27017)      | OK     ( 0.00s) 
13:14:20.653 | n=89300 | primary=('mongo1', 27017)      | OK     ( 0.00s) 
13:14:20.668 | n=89350 | primary=('mongo1', 27017)      | OK     ( 0.00s) 
13:14:20.684 | n=89400 | primary=('mongo1', 27017)      | OK     ( 0.00s) 
13:14:20.700 | n=89450 | primary=('mongo1', 27017)      | OK     ( 0.00s) 
13:14:20.716 | n=89500 | primary=('mongo1', 27017)      | OK     ( 0.00s) 
13:14:20.732 | n=89550 | primary=('mongo1', 27017)      | OK     ( 0.00s) 
13:14:20.748 | n=89600 | primary=('mongo1', 27017)      | OK     ( 0.00s) 
13:14:20.765 | n=89650 | primary=('mongo1', 27017)      | OK     ( 0.00s) 
13:14:20.782 | n=89700 | primary=('mongo1', 27017)      | OK     ( 0.00s) 
13:14:20.797 | n=89750 | primary=('mongo1', 27017)      | OK     ( 0.00s) 
13:14:20.813 | n=89800 | primary=('mongo1', 27017)      | OK     ( 0.00s) 
13:14:20.829 | n=89850 | primary=('mongo1', 27017)      | OK     ( 0.00s) 
13:14:20.846 | n=89900 | primary=('mongo1', 27017)      | OK     ( 0.00s) 
13:14:20.863 | n=89950 | primary=('mongo1', 27017)      | OK     ( 0.00s) 
13:14:20.882 | n=90000 | primary=('mongo1', 27017)      | OK     ( 0.00s) 
13:14:20.901 | n=90050 | primary=('mongo1', 27017)      | OK     ( 0.00s) 
13:14:20.917 | n=90100 | primary=('mongo1', 27017)      | OK     ( 0.00s) 
13:14:20.935 | n=90150 | primary=('mongo1', 27017)      | OK     ( 0.00s) 
13:14:20.951 | n=90200 | primary=('mongo1', 27017)      | OK     ( 0.00s) 
13:14:20.966 | n=90250 | primary=('mongo1', 27017)      | OK     ( 0.00s) 
13:14:20.981 | n=90300 | primary=('mongo1', 27017)      | OK     ( 0.00s) 
13:14:20.997 | n=90350 | primary=('mongo1', 27017)      | OK     ( 0.00s) 
13:14:21.014 | n=90400 | primary=('mongo1', 27017)      | OK     ( 0.00s) 
13:14:21.030 | n=90450 | primary=('mongo1', 27017)      | OK     ( 0.00s) 
13:14:21.046 | n=90500 | primary=('mongo1', 27017)      | OK     ( 0.00s) 
13:14:21.062 | n=90550 | primary=('mongo1', 27017)      | OK     ( 0.00s) 
13:14:21.078 | n=90600 | primary=('mongo1', 27017)      | OK     ( 0.00s) 
13:14:21.093 | n=90650 | primary=('mongo1', 27017)      | OK     ( 0.00s) 
13:14:21.110 | n=90700 | primary=('mongo1', 27017)      | OK     ( 0.00s) 
13:14:21.126 | n=90750 | primary=('mongo1', 27017)      | OK     ( 0.00s) 
13:14:21.142 | n=90800 | primary=('mongo1', 27017)      | OK     ( 0.00s) 
13:14:21.158 | n=90850 | primary=('mongo1', 27017)      | OK     ( 0.00s) 
13:14:21.173 | n=90900 | primary=('mongo1', 27017)      | OK     ( 0.00s) 
13:14:21.189 | n=90950 | primary=('mongo1', 27017)      | OK     ( 0.00s) 
13:14:21.205 | n=91000 | primary=('mongo1', 27017)      | OK     ( 0.00s) 
13:14:21.221 | n=91050 | primary=('mongo1', 27017)      | OK     ( 0.00s) 
13:14:21.237 | n=91100 | primary=('mongo1', 27017)      | OK     ( 0.00s) 
13:14:21.252 | n=91150 | primary=('mongo1', 27017)      | OK     ( 0.00s) 
13:14:21.269 | n=91200 | primary=('mongo1', 27017)      | OK     ( 0.00s) 
13:14:21.285 | n=91250 | primary=('mongo1', 27017)      | OK     ( 0.00s) 
13:14:21.301 | n=91300 | primary=('mongo1', 27017)      | OK     ( 0.00s) 
13:14:21.316 | n=91350 | primary=('mongo1', 27017)      | OK     ( 0.00s) 
13:14:21.333 | n=91400 | primary=('mongo1', 27017)      | OK     ( 0.00s) 
13:14:21.350 | n=91450 | primary=('mongo1', 27017)      | OK     ( 0.00s) 
13:14:21.366 | n=91500 | primary=('mongo1', 27017)      | OK     ( 0.00s) 
13:14:21.382 | n=91550 | primary=('mongo1', 27017)      | OK     ( 0.00s) 
13:14:21.399 | n=91600 | primary=('mongo1', 27017)      | OK     ( 0.00s) 
13:14:21.415 | n=91650 | primary=('mongo1', 27017)      | OK     ( 0.00s) 
13:14:21.432 | n=91700 | primary=('mongo1', 27017)      | OK     ( 0.00s) 
13:14:21.449 | n=91750 | primary=('mongo1', 27017)      | OK     ( 0.00s) 
13:14:21.464 | n=91800 | primary=('mongo1', 27017)      | OK     ( 0.00s) 
13:14:21.481 | n=91850 | primary=('mongo1', 27017)      | OK     ( 0.00s) 
13:14:21.497 | n=91900 | primary=('mongo1', 27017)      | OK     ( 0.00s) 
13:14:21.512 | n=91950 | primary=('mongo1', 27017)      | OK     ( 0.00s) 
13:14:21.528 | n=92000 | primary=('mongo1', 27017)      | OK     ( 0.00s) 
13:14:21.544 | n=92050 | primary=('mongo1', 27017)      | OK     ( 0.00s) 
13:14:21.559 | n=92100 | primary=('mongo1', 27017)      | OK     ( 0.00s) 
13:14:21.575 | n=92150 | primary=('mongo1', 27017)      | OK     ( 0.00s) 
13:14:21.591 | n=92200 | primary=('mongo1', 27017)      | OK     ( 0.00s) 
13:14:21.608 | n=92250 | primary=('mongo1', 27017)      | OK     ( 0.00s) 
13:14:21.623 | n=92300 | primary=('mongo1', 27017)      | OK     ( 0.00s) 
13:14:21.639 | n=92350 | primary=('mongo1', 27017)      | OK     ( 0.00s) 
13:14:21.655 | n=92400 | primary=('mongo1', 27017)      | OK     ( 0.00s) 
13:14:21.672 | n=92450 | primary=('mongo1', 27017)      | OK     ( 0.00s) 
13:14:21.690 | n=92500 | primary=('mongo1', 27017)      | OK     ( 0.00s) 
13:14:21.708 | n=92550 | primary=('mongo1', 27017)      | OK     ( 0.00s) 
13:14:21.725 | n=92600 | primary=('mongo1', 27017)      | OK     ( 0.00s) 
13:14:21.741 | n=92650 | primary=('mongo1', 27017)      | OK     ( 0.00s) 
13:14:21.758 | n=92700 | primary=('mongo1', 27017)      | OK     ( 0.00s) 
13:14:21.774 | n=92750 | primary=('mongo1', 27017)      | OK     ( 0.00s) 
13:14:21.791 | n=92800 | primary=('mongo1', 27017)      | OK     ( 0.00s) 
13:14:21.808 | n=92850 | primary=('mongo1', 27017)      | OK     ( 0.00s) 
13:14:21.824 | n=92900 | primary=('mongo1', 27017)      | OK     ( 0.00s) 
13:14:21.841 | n=92950 | primary=('mongo1', 27017)      | OK     ( 0.00s) 
13:14:21.858 | n=93000 | primary=('mongo1', 27017)      | OK     ( 0.00s) 
13:14:21.876 | n=93050 | primary=('mongo1', 27017)      | OK     ( 0.00s) 
13:14:21.893 | n=93100 | primary=('mongo1', 27017)      | OK     ( 0.00s) 
13:14:21.909 | n=93150 | primary=('mongo1', 27017)      | OK     ( 0.00s) 
13:14:21.925 | n=93200 | primary=('mongo1', 27017)      | OK     ( 0.00s) 
13:14:21.942 | n=93250 | primary=('mongo1', 27017)      | OK     ( 0.00s) 
13:14:21.958 | n=93300 | primary=('mongo1', 27017)      | OK     ( 0.00s) 
13:14:21.975 | n=93350 | primary=('mongo1', 27017)      | OK     ( 0.00s) 
13:14:21.991 | n=93400 | primary=('mongo1', 27017)      | OK     ( 0.00s) 
13:14:22.009 | n=93450 | primary=('mongo1', 27017)      | OK     ( 0.00s) 
13:14:22.026 | n=93500 | primary=('mongo1', 27017)      | OK     ( 0.00s) 
13:14:22.043 | n=93550 | primary=('mongo1', 27017)      | OK     ( 0.00s) 
13:14:22.060 | n=93600 | primary=('mongo1', 27017)      | OK     ( 0.00s) 
13:14:22.078 | n=93650 | primary=('mongo1', 27017)      | OK     ( 0.00s) 
13:14:22.096 | n=93700 | primary=('mongo1', 27017)      | OK     ( 0.00s) 
13:14:22.113 | n=93750 | primary=('mongo1', 27017)      | OK     ( 0.00s) 
13:14:22.130 | n=93800 | primary=('mongo1', 27017)      | OK     ( 0.00s) 
13:14:22.148 | n=93850 | primary=('mongo1', 27017)      | OK     ( 0.00s) 
13:14:22.165 | n=93900 | primary=('mongo1', 27017)      | OK     ( 0.00s) 
13:14:22.183 | n=93950 | primary=('mongo1', 27017)      | OK     ( 0.00s) 
13:14:22.201 | n=94000 | primary=('mongo1', 27017)      | OK     ( 0.00s) 
13:14:22.219 | n=94050 | primary=('mongo1', 27017)      | OK     ( 0.00s) 
13:14:22.236 | n=94100 | primary=('mongo1', 27017)      | OK     ( 0.00s) 
13:14:22.255 | n=94150 | primary=('mongo1', 27017)      | OK     ( 0.00s) 
13:14:22.274 | n=94200 | primary=('mongo1', 27017)      | OK     ( 0.00s) 
13:14:22.293 | n=94250 | primary=('mongo1', 27017)      | OK     ( 0.00s) 
13:14:22.311 | n=94300 | primary=('mongo1', 27017)      | OK     ( 0.00s) 
13:14:22.327 | n=94350 | primary=('mongo1', 27017)      | OK     ( 0.00s) 
13:14:22.345 | n=94400 | primary=('mongo1', 27017)      | OK     ( 0.00s) 
13:14:22.362 | n=94450 | primary=('mongo1', 27017)      | OK     ( 0.00s) 
13:14:22.380 | n=94500 | primary=('mongo1', 27017)      | OK     ( 0.00s) 
13:14:22.395 | n=94550 | primary=('mongo1', 27017)      | OK     ( 0.00s) 
13:14:22.412 | n=94600 | primary=('mongo1', 27017)      | OK     ( 0.00s) 
13:14:22.430 | n=94650 | primary=('mongo1', 27017)      | OK     ( 0.00s) 
13:14:22.447 | n=94700 | primary=('mongo1', 27017)      | OK     ( 0.00s) 
13:14:22.464 | n=94750 | primary=('mongo1', 27017)      | OK     ( 0.00s) 
13:14:22.481 | n=94800 | primary=('mongo1', 27017)      | OK     ( 0.00s) 
13:14:22.498 | n=94850 | primary=('mongo1', 27017)      | OK     ( 0.00s) 
13:14:22.514 | n=94900 | primary=('mongo1', 27017)      | OK     ( 0.00s) 
13:14:22.531 | n=94950 | primary=('mongo1', 27017)      | OK     ( 0.00s) 
13:14:22.548 | n=95000 | primary=('mongo1', 27017)      | OK     ( 0.00s) 
13:14:22.567 | n=95050 | primary=('mongo1', 27017)      | OK     ( 0.00s) 
13:14:22.584 | n=95100 | primary=('mongo1', 27017)      | OK     ( 0.00s) 
13:14:22.600 | n=95150 | primary=('mongo1', 27017)      | OK     ( 0.00s) 
13:14:22.617 | n=95200 | primary=('mongo1', 27017)      | OK     ( 0.00s) 
13:14:22.634 | n=95250 | primary=('mongo1', 27017)      | OK     ( 0.00s) 
13:14:22.651 | n=95300 | primary=('mongo1', 27017)      | OK     ( 0.00s) 
13:14:22.668 | n=95350 | primary=('mongo1', 27017)      | OK     ( 0.00s) 
13:14:22.685 | n=95400 | primary=('mongo1', 27017)      | OK     ( 0.00s) 
13:14:22.702 | n=95450 | primary=('mongo1', 27017)      | OK     ( 0.00s) 
13:14:22.722 | n=95500 | primary=('mongo1', 27017)      | OK     ( 0.00s) 
13:14:22.739 | n=95550 | primary=('mongo1', 27017)      | OK     ( 0.00s) 
13:14:22.757 | n=95600 | primary=('mongo1', 27017)      | OK     ( 0.00s) 
13:14:22.774 | n=95650 | primary=('mongo1', 27017)      | OK     ( 0.00s) 
13:14:22.791 | n=95700 | primary=('mongo1', 27017)      | OK     ( 0.00s) 
13:14:22.807 | n=95750 | primary=('mongo1', 27017)      | OK     ( 0.00s) 
13:14:22.825 | n=95800 | primary=('mongo1', 27017)      | OK     ( 0.00s) 
13:14:22.841 | n=95850 | primary=('mongo1', 27017)      | OK     ( 0.00s) 
13:14:22.858 | n=95900 | primary=('mongo1', 27017)      | OK     ( 0.00s) 
13:14:22.876 | n=95950 | primary=('mongo1', 27017)      | OK     ( 0.00s) 
13:14:22.895 | n=96000 | primary=('mongo1', 27017)      | OK     ( 0.00s) 
13:14:22.914 | n=96050 | primary=('mongo1', 27017)      | OK     ( 0.00s) 
13:14:22.932 | n=96100 | primary=('mongo1', 27017)      | OK     ( 0.00s) 
13:14:22.950 | n=96150 | primary=('mongo1', 27017)      | OK     ( 0.00s) 
13:14:22.969 | n=96200 | primary=('mongo1', 27017)      | OK     ( 0.00s) 
13:14:22.984 | n=96250 | primary=('mongo1', 27017)      | OK     ( 0.00s) 
13:14:23.003 | n=96300 | primary=('mongo1', 27017)      | OK     ( 0.00s) 
13:14:23.021 | n=96350 | primary=('mongo1', 27017)      | OK     ( 0.00s) 
13:14:23.037 | n=96400 | primary=('mongo1', 27017)      | OK     ( 0.00s) 
13:14:23.054 | n=96450 | primary=('mongo1', 27017)      | OK     ( 0.00s) 
13:14:23.071 | n=96500 | primary=('mongo1', 27017)      | OK     ( 0.00s) 
13:14:23.086 | n=96550 | primary=('mongo1', 27017)      | OK     ( 0.00s) 
13:14:23.101 | n=96600 | primary=('mongo1', 27017)      | OK     ( 0.00s) 
13:14:23.118 | n=96650 | primary=('mongo1', 27017)      | OK     ( 0.00s) 
13:14:23.134 | n=96700 | primary=('mongo1', 27017)      | OK     ( 0.00s) 
13:14:23.150 | n=96750 | primary=('mongo1', 27017)      | OK     ( 0.00s) 
13:14:23.165 | n=96800 | primary=('mongo1', 27017)      | OK     ( 0.00s) 
13:14:23.182 | n=96850 | primary=('mongo1', 27017)      | OK     ( 0.00s) 
13:14:23.198 | n=96900 | primary=('mongo1', 27017)      | OK     ( 0.00s) 
13:14:23.214 | n=96950 | primary=('mongo1', 27017)      | OK     ( 0.00s) 
13:14:23.231 | n=97000 | primary=('mongo1', 27017)      | OK     ( 0.00s) 
13:14:23.247 | n=97050 | primary=('mongo1', 27017)      | OK     ( 0.00s) 
13:14:23.263 | n=97100 | primary=('mongo1', 27017)      | OK     ( 0.00s) 
13:14:23.279 | n=97150 | primary=('mongo1', 27017)      | OK     ( 0.00s) 
13:14:23.295 | n=97200 | primary=('mongo1', 27017)      | OK     ( 0.00s) 
13:14:23.312 | n=97250 | primary=('mongo1', 27017)      | OK     ( 0.00s) 
13:14:23.328 | n=97300 | primary=('mongo1', 27017)      | OK     ( 0.00s) 
13:14:23.344 | n=97350 | primary=('mongo1', 27017)      | OK     ( 0.00s) 
13:14:23.360 | n=97400 | primary=('mongo1', 27017)      | OK     ( 0.00s) 
13:14:23.376 | n=97450 | primary=('mongo1', 27017)      | OK     ( 0.00s) 
13:14:23.392 | n=97500 | primary=('mongo1', 27017)      | OK     ( 0.00s) 
13:14:23.408 | n=97550 | primary=('mongo1', 27017)      | OK     ( 0.00s) 
13:14:23.424 | n=97600 | primary=('mongo1', 27017)      | OK     ( 0.00s) 
13:14:23.441 | n=97650 | primary=('mongo1', 27017)      | OK     ( 0.00s) 
13:14:23.457 | n=97700 | primary=('mongo1', 27017)      | OK     ( 0.00s) 
13:14:23.472 | n=97750 | primary=('mongo1', 27017)      | OK     ( 0.00s) 
13:14:23.487 | n=97800 | primary=('mongo1', 27017)      | OK     ( 0.00s) 
13:14:23.503 | n=97850 | primary=('mongo1', 27017)      | OK     ( 0.00s) 
13:14:23.519 | n=97900 | primary=('mongo1', 27017)      | OK     ( 0.00s) 
13:14:23.534 | n=97950 | primary=('mongo1', 27017)      | OK     ( 0.00s) 
13:14:23.551 | n=98000 | primary=('mongo1', 27017)      | OK     ( 0.00s) 
13:14:23.567 | n=98050 | primary=('mongo1', 27017)      | OK     ( 0.00s) 
13:14:23.584 | n=98100 | primary=('mongo1', 27017)      | OK     ( 0.00s) 
13:14:23.600 | n=98150 | primary=('mongo1', 27017)      | OK     ( 0.00s) 
13:14:23.616 | n=98200 | primary=('mongo1', 27017)      | OK     ( 0.00s) 
13:14:23.633 | n=98250 | primary=('mongo1', 27017)      | OK     ( 0.00s) 
13:14:23.648 | n=98300 | primary=('mongo1', 27017)      | OK     ( 0.00s) 
13:14:23.664 | n=98350 | primary=('mongo1', 27017)      | OK     ( 0.00s) 
13:14:23.680 | n=98400 | primary=('mongo1', 27017)      | OK     ( 0.00s) 
13:14:23.697 | n=98450 | primary=('mongo1', 27017)      | OK     ( 0.00s) 
13:14:23.713 | n=98500 | primary=('mongo1', 27017)      | OK     ( 0.00s) 
13:14:23.729 | n=98550 | primary=('mongo1', 27017)      | OK     ( 0.00s) 
13:14:23.745 | n=98600 | primary=('mongo1', 27017)      | OK     ( 0.00s) 
13:14:23.761 | n=98650 | primary=('mongo1', 27017)      | OK     ( 0.00s) 
13:14:23.778 | n=98700 | primary=('mongo1', 27017)      | OK     ( 0.00s) 
13:14:23.793 | n=98750 | primary=('mongo1', 27017)      | OK     ( 0.00s) 
13:14:23.810 | n=98800 | primary=('mongo1', 27017)      | OK     ( 0.00s) 
13:14:23.825 | n=98850 | primary=('mongo1', 27017)      | OK     ( 0.00s) 
13:14:23.842 | n=98900 | primary=('mongo1', 27017)      | OK     ( 0.00s) 
13:14:23.858 | n=98950 | primary=('mongo1', 27017)      | OK     ( 0.00s) 
13:14:23.873 | n=99000 | primary=('mongo1', 27017)      | OK     ( 0.00s) 
13:14:23.889 | n=99050 | primary=('mongo1', 27017)      | OK     ( 0.00s) 
13:14:23.904 | n=99100 | primary=('mongo1', 27017)      | OK     ( 0.00s) 
13:14:23.920 | n=99150 | primary=('mongo1', 27017)      | OK     ( 0.00s) 
13:14:23.937 | n=99200 | primary=('mongo1', 27017)      | OK     ( 0.00s) 
13:14:23.953 | n=99250 | primary=('mongo1', 27017)      | OK     ( 0.00s) 
13:14:23.970 | n=99300 | primary=('mongo1', 27017)      | OK     ( 0.00s) 
13:14:23.985 | n=99350 | primary=('mongo1', 27017)      | OK     ( 0.00s) 
13:14:24.001 | n=99400 | primary=('mongo1', 27017)      | OK     ( 0.00s) 
13:14:24.022 | n=99450 | primary=('mongo1', 27017)      | OK     ( 0.00s) 
13:14:24.037 | n=99500 | primary=('mongo1', 27017)      | OK     ( 0.00s) 
13:14:24.053 | n=99550 | primary=('mongo1', 27017)      | OK     ( 0.00s) 
13:14:24.068 | n=99600 | primary=('mongo1', 27017)      | OK     ( 0.00s) 
13:14:24.084 | n=99650 | primary=('mongo1', 27017)      | OK     ( 0.00s) 
13:14:24.099 | n=99700 | primary=('mongo1', 27017)      | OK     ( 0.00s) 
13:14:24.115 | n=99750 | primary=('mongo1', 27017)      | OK     ( 0.00s) 
13:14:24.132 | n=99800 | primary=('mongo1', 27017)      | OK     ( 0.00s) 
13:14:24.148 | n=99850 | primary=('mongo1', 27017)      | OK     ( 0.00s) 
13:14:24.164 | n=99900 | primary=('mongo1', 27017)      | OK     ( 0.00s) 
13:14:24.181 | n=99950 | primary=('mongo1', 27017)      | OK     ( 0.00s) 
13:14:24.197 | n=100000 | primary=('mongo1', 27017)      | OK     ( 0.00s) 
13:14:24.214 | n=100050 | primary=('mongo1', 27017)      | OK     ( 0.00s) 
13:14:24.229 | n=100100 | primary=('mongo1', 27017)      | OK     ( 0.00s) 
13:14:24.246 | n=100150 | primary=('mongo1', 27017)      | OK     ( 0.00s) 
13:14:24.262 | n=100200 | primary=('mongo1', 27017)      | OK     ( 0.00s) 
13:14:24.278 | n=100250 | primary=('mongo1', 27017)      | OK     ( 0.00s) 
13:14:24.294 | n=100300 | primary=('mongo1', 27017)      | OK     ( 0.00s) 
13:14:24.311 | n=100350 | primary=('mongo1', 27017)      | OK     ( 0.00s) 
13:14:24.328 | n=100400 | primary=('mongo1', 27017)      | OK     ( 0.00s) 
13:14:24.344 | n=100450 | primary=('mongo1', 27017)      | OK     ( 0.00s) 
13:14:24.361 | n=100500 | primary=('mongo1', 27017)      | OK     ( 0.00s) 
13:14:24.378 | n=100550 | primary=('mongo1', 27017)      | OK     ( 0.00s) 
13:14:24.394 | n=100600 | primary=('mongo1', 27017)      | OK     ( 0.00s) 
13:14:24.409 | n=100650 | primary=('mongo1', 27017)      | OK     ( 0.00s) 
13:14:24.426 | n=100700 | primary=('mongo1', 27017)      | OK     ( 0.00s) 
13:14:24.442 | n=100750 | primary=('mongo1', 27017)      | OK     ( 0.00s) 
13:14:24.457 | n=100800 | primary=('mongo1', 27017)      | OK     ( 0.00s) 
13:14:24.474 | n=100850 | primary=('mongo1', 27017)      | OK     ( 0.00s) 
13:14:24.490 | n=100900 | primary=('mongo1', 27017)      | OK     ( 0.00s) 
13:14:24.506 | n=100950 | primary=('mongo1', 27017)      | OK     ( 0.00s) 
13:14:24.523 | n=101000 | primary=('mongo1', 27017)      | OK     ( 0.00s) 
13:14:24.539 | n=101050 | primary=('mongo1', 27017)      | OK     ( 0.00s) 
13:14:24.555 | n=101100 | primary=('mongo1', 27017)      | OK     ( 0.00s) 
13:14:24.571 | n=101150 | primary=('mongo1', 27017)      | OK     ( 0.00s) 
13:14:24.587 | n=101200 | primary=('mongo1', 27017)      | OK     ( 0.00s) 
13:14:24.603 | n=101250 | primary=('mongo1', 27017)      | OK     ( 0.00s) 
13:14:24.620 | n=101300 | primary=('mongo1', 27017)      | OK     ( 0.00s) 
13:14:24.637 | n=101350 | primary=('mongo1', 27017)      | OK     ( 0.00s) 
13:14:24.652 | n=101400 | primary=('mongo1', 27017)      | OK     ( 0.00s) 
13:14:24.668 | n=101450 | primary=('mongo1', 27017)      | OK     ( 0.00s) 
13:14:24.684 | n=101500 | primary=('mongo1', 27017)      | OK     ( 0.00s) 
13:14:24.700 | n=101550 | primary=('mongo1', 27017)      | OK     ( 0.00s) 
13:14:24.716 | n=101600 | primary=('mongo1', 27017)      | OK     ( 0.00s) 
13:14:24.732 | n=101650 | primary=('mongo1', 27017)      | OK     ( 0.00s) 
13:14:24.749 | n=101700 | primary=('mongo1', 27017)      | OK     ( 0.00s) 
13:14:24.765 | n=101750 | primary=('mongo1', 27017)      | OK     ( 0.00s) 
13:14:24.781 | n=101800 | primary=('mongo1', 27017)      | OK     ( 0.00s) 
13:14:24.796 | n=101850 | primary=('mongo1', 27017)      | OK     ( 0.00s) 
13:14:24.812 | n=101900 | primary=('mongo1', 27017)      | OK     ( 0.00s) 
13:14:24.829 | n=101950 | primary=('mongo1', 27017)      | OK     ( 0.00s) 
13:14:24.845 | n=102000 | primary=('mongo1', 27017)      | OK     ( 0.00s) 
13:14:24.861 | n=102050 | primary=('mongo1', 27017)      | OK     ( 0.00s) 
13:14:24.877 | n=102100 | primary=('mongo1', 27017)      | OK     ( 0.00s) 
13:14:24.893 | n=102150 | primary=('mongo1', 27017)      | OK     ( 0.00s) 
13:14:24.909 | n=102200 | primary=('mongo1', 27017)      | OK     ( 0.00s) 
13:14:24.925 | n=102250 | primary=('mongo1', 27017)      | OK     ( 0.00s) 
13:14:24.940 | n=102300 | primary=('mongo1', 27017)      | OK     ( 0.00s) 
13:14:24.956 | n=102350 | primary=('mongo1', 27017)      | OK     ( 0.00s) 
13:14:24.972 | n=102400 | primary=('mongo1', 27017)      | OK     ( 0.00s) 
13:14:24.988 | n=102450 | primary=('mongo1', 27017)      | OK     ( 0.00s) 
13:14:25.004 | n=102500 | primary=('mongo1', 27017)      | OK     ( 0.00s) 
13:14:25.021 | n=102550 | primary=('mongo1', 27017)      | OK     ( 0.00s) 
13:14:25.037 | n=102600 | primary=('mongo1', 27017)      | OK     ( 0.00s) 
13:14:25.053 | n=102650 | primary=('mongo1', 27017)      | OK     ( 0.00s) 
13:14:25.069 | n=102700 | primary=('mongo1', 27017)      | OK     ( 0.00s) 
13:14:25.086 | n=102750 | primary=('mongo1', 27017)      | OK     ( 0.00s) 
13:14:25.103 | n=102800 | primary=('mongo1', 27017)      | OK     ( 0.00s) 
13:14:25.122 | n=102850 | primary=('mongo1', 27017)      | OK     ( 0.00s) 
13:14:25.139 | n=102900 | primary=('mongo1', 27017)      | OK     ( 0.00s) 
13:14:25.156 | n=102950 | primary=('mongo1', 27017)      | OK     ( 0.00s) 
13:14:25.172 | n=103000 | primary=('mongo1', 27017)      | OK     ( 0.00s) 
13:14:25.189 | n=103050 | primary=('mongo1', 27017)      | OK     ( 0.00s) 
13:14:25.205 | n=103100 | primary=('mongo1', 27017)      | OK     ( 0.00s) 
13:14:25.221 | n=103150 | primary=('mongo1', 27017)      | OK     ( 0.00s) 
13:14:25.236 | n=103200 | primary=('mongo1', 27017)      | OK     ( 0.00s) 
13:14:25.253 | n=103250 | primary=('mongo1', 27017)      | OK     ( 0.00s) 
13:14:25.270 | n=103300 | primary=('mongo1', 27017)      | OK     ( 0.00s) 
13:14:25.287 | n=103350 | primary=('mongo1', 27017)      | OK     ( 0.00s) 
13:14:25.303 | n=103400 | primary=('mongo1', 27017)      | OK     ( 0.00s) 
13:14:25.321 | n=103450 | primary=('mongo1', 27017)      | OK     ( 0.00s) 
13:14:25.342 | n=103500 | primary=('mongo1', 27017)      | OK     ( 0.00s) 
13:14:25.363 | n=103550 | primary=('mongo1', 27017)      | OK     ( 0.00s) 
13:14:25.380 | n=103600 | primary=('mongo1', 27017)      | OK     ( 0.00s) 
13:14:25.397 | n=103650 | primary=('mongo1', 27017)      | OK     ( 0.00s) 
13:14:25.413 | n=103700 | primary=('mongo1', 27017)      | OK     ( 0.00s) 
13:14:25.429 | n=103750 | primary=('mongo1', 27017)      | OK     ( 0.00s) 
13:14:25.445 | n=103800 | primary=('mongo1', 27017)      | OK     ( 0.00s) 
13:14:25.462 | n=103850 | primary=('mongo1', 27017)      | OK     ( 0.00s) 
13:14:25.478 | n=103900 | primary=('mongo1', 27017)      | OK     ( 0.00s) 
13:14:25.494 | n=103950 | primary=('mongo1', 27017)      | OK     ( 0.00s) 
13:14:25.510 | n=104000 | primary=('mongo1', 27017)      | OK     ( 0.00s) 
13:14:25.526 | n=104050 | primary=('mongo1', 27017)      | OK     ( 0.00s) 
13:14:25.542 | n=104100 | primary=('mongo1', 27017)      | OK     ( 0.00s) 
13:14:25.558 | n=104150 | primary=('mongo1', 27017)      | OK     ( 0.00s) 
13:14:25.574 | n=104200 | primary=('mongo1', 27017)      | OK     ( 0.00s) 
13:14:25.589 | n=104250 | primary=('mongo1', 27017)      | OK     ( 0.00s) 
13:14:25.605 | n=104300 | primary=('mongo1', 27017)      | OK     ( 0.00s) 
13:14:25.621 | n=104350 | primary=('mongo1', 27017)      | OK     ( 0.00s) 
13:14:25.637 | n=104400 | primary=('mongo1', 27017)      | OK     ( 0.00s) 
13:14:25.653 | n=104450 | primary=('mongo1', 27017)      | OK     ( 0.00s) 
13:14:25.670 | n=104500 | primary=('mongo1', 27017)      | OK     ( 0.00s) 
13:14:25.686 | n=104550 | primary=('mongo1', 27017)      | OK     ( 0.00s) 
13:14:25.702 | n=104600 | primary=('mongo1', 27017)      | OK     ( 0.00s) 
13:14:25.718 | n=104650 | primary=('mongo1', 27017)      | OK     ( 0.00s) 
13:14:25.733 | n=104700 | primary=('mongo1', 27017)      | OK     ( 0.00s) 
13:14:25.749 | n=104750 | primary=('mongo1', 27017)      | OK     ( 0.00s) 
13:14:25.765 | n=104800 | primary=('mongo1', 27017)      | OK     ( 0.00s) 
13:14:25.781 | n=104850 | primary=('mongo1', 27017)      | OK     ( 0.00s) 
13:14:25.797 | n=104900 | primary=('mongo1', 27017)      | OK     ( 0.00s) 
13:14:25.813 | n=104950 | primary=('mongo1', 27017)      | OK     ( 0.00s) 
13:14:25.828 | n=105000 | primary=('mongo1', 27017)      | OK     ( 0.00s) 
13:14:25.844 | n=105050 | primary=('mongo1', 27017)      | OK     ( 0.00s) 
13:14:25.860 | n=105100 | primary=('mongo1', 27017)      | OK     ( 0.00s) 
13:14:25.875 | n=105150 | primary=('mongo1', 27017)      | OK     ( 0.00s) 
13:14:25.891 | n=105200 | primary=('mongo1', 27017)      | OK     ( 0.00s) 
13:14:25.907 | n=105250 | primary=('mongo1', 27017)      | OK     ( 0.00s) 
13:14:25.923 | n=105300 | primary=('mongo1', 27017)      | OK     ( 0.00s) 
13:14:25.939 | n=105350 | primary=('mongo1', 27017)      | OK     ( 0.00s) 
13:14:25.954 | n=105400 | primary=('mongo1', 27017)      | OK     ( 0.00s) 
13:14:25.970 | n=105450 | primary=('mongo1', 27017)      | OK     ( 0.00s) 
13:14:25.986 | n=105500 | primary=('mongo1', 27017)      | OK     ( 0.00s) 
13:14:26.002 | n=105550 | primary=('mongo1', 27017)      | OK     ( 0.00s) 
13:14:26.019 | n=105600 | primary=('mongo1', 27017)      | OK     ( 0.00s) 
13:14:26.035 | n=105650 | primary=('mongo1', 27017)      | OK     ( 0.00s) 
13:14:26.050 | n=105700 | primary=('mongo1', 27017)      | OK     ( 0.00s) 
13:14:26.066 | n=105750 | primary=('mongo1', 27017)      | OK     ( 0.00s) 
13:14:26.082 | n=105800 | primary=('mongo1', 27017)      | OK     ( 0.00s) 
13:14:26.097 | n=105850 | primary=('mongo1', 27017)      | OK     ( 0.00s) 
13:14:26.113 | n=105900 | primary=('mongo1', 27017)      | OK     ( 0.00s) 
13:14:26.129 | n=105950 | primary=('mongo1', 27017)      | OK     ( 0.00s) 
13:14:26.144 | n=106000 | primary=('mongo1', 27017)      | OK     ( 0.00s) 
13:14:26.159 | n=106050 | primary=('mongo1', 27017)      | OK     ( 0.00s) 
13:14:26.175 | n=106100 | primary=('mongo1', 27017)      | OK     ( 0.00s) 
13:14:26.191 | n=106150 | primary=('mongo1', 27017)      | OK     ( 0.00s) 
13:14:26.207 | n=106200 | primary=('mongo1', 27017)      | OK     ( 0.00s) 
13:14:26.222 | n=106250 | primary=('mongo1', 27017)      | OK     ( 0.00s) 
13:14:26.238 | n=106300 | primary=('mongo1', 27017)      | OK     ( 0.00s) 
13:14:26.253 | n=106350 | primary=('mongo1', 27017)      | OK     ( 0.00s) 
13:14:26.269 | n=106400 | primary=('mongo1', 27017)      | OK     ( 0.00s) 
13:14:26.285 | n=106450 | primary=('mongo1', 27017)      | OK     ( 0.00s) 
13:14:26.301 | n=106500 | primary=('mongo1', 27017)      | OK     ( 0.00s) 
13:14:26.316 | n=106550 | primary=('mongo1', 27017)      | OK     ( 0.00s) 
13:14:26.332 | n=106600 | primary=('mongo1', 27017)      | OK     ( 0.00s) 
13:14:26.348 | n=106650 | primary=('mongo1', 27017)      | OK     ( 0.00s) 
13:14:26.364 | n=106700 | primary=('mongo1', 27017)      | OK     ( 0.00s) 
13:14:26.381 | n=106750 | primary=('mongo1', 27017)      | OK     ( 0.00s) 
13:14:26.396 | n=106800 | primary=('mongo1', 27017)      | OK     ( 0.00s) 
13:14:26.412 | n=106850 | primary=('mongo1', 27017)      | OK     ( 0.00s) 
13:14:26.428 | n=106900 | primary=('mongo1', 27017)      | OK     ( 0.00s) 
13:14:26.443 | n=106950 | primary=('mongo1', 27017)      | OK     ( 0.00s) 
13:14:26.459 | n=107000 | primary=('mongo1', 27017)      | OK     ( 0.00s) 
13:14:26.475 | n=107050 | primary=('mongo1', 27017)      | OK     ( 0.00s) 
13:14:26.491 | n=107100 | primary=('mongo1', 27017)      | OK     ( 0.00s) 
13:14:26.506 | n=107150 | primary=('mongo1', 27017)      | OK     ( 0.00s) 
13:14:26.522 | n=107200 | primary=('mongo1', 27017)      | OK     ( 0.00s) 
13:14:26.538 | n=107250 | primary=('mongo1', 27017)      | OK     ( 0.00s) 
13:14:26.554 | n=107300 | primary=('mongo1', 27017)      | OK     ( 0.00s) 
13:14:26.570 | n=107350 | primary=('mongo1', 27017)      | OK     ( 0.00s) 
13:14:26.585 | n=107400 | primary=('mongo1', 27017)      | OK     ( 0.00s) 
13:14:26.601 | n=107450 | primary=('mongo1', 27017)      | OK     ( 0.00s) 
13:14:26.617 | n=107500 | primary=('mongo1', 27017)      | OK     ( 0.00s) 
13:14:26.633 | n=107550 | primary=('mongo1', 27017)      | OK     ( 0.00s) 
13:14:26.649 | n=107600 | primary=('mongo1', 27017)      | OK     ( 0.00s) 
13:14:26.666 | n=107650 | primary=('mongo1', 27017)      | OK     ( 0.00s) 
13:14:26.681 | n=107700 | primary=('mongo1', 27017)      | OK     ( 0.00s) 
13:14:26.697 | n=107750 | primary=('mongo1', 27017)      | OK     ( 0.00s) 
13:14:26.712 | n=107800 | primary=('mongo1', 27017)      | OK     ( 0.00s) 
13:14:26.727 | n=107850 | primary=('mongo1', 27017)      | OK     ( 0.00s) 
13:14:26.744 | n=107900 | primary=('mongo1', 27017)      | OK     ( 0.00s) 
13:14:26.761 | n=107950 | primary=('mongo1', 27017)      | OK     ( 0.00s) 
13:14:26.777 | n=108000 | primary=('mongo1', 27017)      | OK     ( 0.00s) 
13:14:26.792 | n=108050 | primary=('mongo1', 27017)      | OK     ( 0.00s) 
13:14:26.807 | n=108100 | primary=('mongo1', 27017)      | OK     ( 0.00s) 
13:14:26.822 | n=108150 | primary=('mongo1', 27017)      | OK     ( 0.00s) 
13:14:26.838 | n=108200 | primary=('mongo1', 27017)      | OK     ( 0.00s) 
13:14:26.854 | n=108250 | primary=('mongo1', 27017)      | OK     ( 0.00s) 
13:14:26.869 | n=108300 | primary=('mongo1', 27017)      | OK     ( 0.00s) 
13:14:26.885 | n=108350 | primary=('mongo1', 27017)      | OK     ( 0.00s) 
13:14:26.901 | n=108400 | primary=('mongo1', 27017)      | OK     ( 0.00s) 
13:14:26.917 | n=108450 | primary=('mongo1', 27017)      | OK     ( 0.00s) 
13:14:26.932 | n=108500 | primary=('mongo1', 27017)      | OK     ( 0.00s) 
13:14:26.949 | n=108550 | primary=('mongo1', 27017)      | OK     ( 0.00s) 
13:14:26.964 | n=108600 | primary=('mongo1', 27017)      | OK     ( 0.00s) 
13:14:26.980 | n=108650 | primary=('mongo1', 27017)      | OK     ( 0.00s) 
13:14:26.995 | n=108700 | primary=('mongo1', 27017)      | OK     ( 0.00s) 
13:14:27.013 | n=108750 | primary=('mongo1', 27017)      | OK     ( 0.00s) 
13:14:27.029 | n=108800 | primary=('mongo1', 27017)      | OK     ( 0.00s) 
13:14:27.044 | n=108850 | primary=('mongo1', 27017)      | OK     ( 0.00s) 
13:14:27.060 | n=108900 | primary=('mongo1', 27017)      | OK     ( 0.00s) 
13:14:27.076 | n=108950 | primary=('mongo1', 27017)      | OK     ( 0.00s) 
13:14:27.091 | n=109000 | primary=('mongo1', 27017)      | OK     ( 0.00s) 
13:14:27.107 | n=109050 | primary=('mongo1', 27017)      | OK     ( 0.00s) 
13:14:27.123 | n=109100 | primary=('mongo1', 27017)      | OK     ( 0.00s) 
13:14:27.139 | n=109150 | primary=('mongo1', 27017)      | OK     ( 0.00s) 
13:14:27.155 | n=109200 | primary=('mongo1', 27017)      | OK     ( 0.00s) 
13:14:27.171 | n=109250 | primary=('mongo1', 27017)      | OK     ( 0.00s) 
13:14:27.187 | n=109300 | primary=('mongo1', 27017)      | OK     ( 0.00s) 
13:14:27.203 | n=109350 | primary=('mongo1', 27017)      | OK     ( 0.00s) 
13:14:27.221 | n=109400 | primary=('mongo1', 27017)      | OK     ( 0.00s) 
13:14:27.241 | n=109450 | primary=('mongo1', 27017)      | OK     ( 0.00s) 
13:14:27.257 | n=109500 | primary=('mongo1', 27017)      | OK     ( 0.00s) 
13:14:27.275 | n=109550 | primary=('mongo1', 27017)      | OK     ( 0.00s) 
13:14:27.293 | n=109600 | primary=('mongo1', 27017)      | OK     ( 0.00s) 
13:14:27.310 | n=109650 | primary=('mongo1', 27017)      | OK     ( 0.00s) 
13:14:27.326 | n=109700 | primary=('mongo1', 27017)      | OK     ( 0.00s) 
13:14:27.341 | n=109750 | primary=('mongo1', 27017)      | OK     ( 0.00s) 
13:14:27.358 | n=109800 | primary=('mongo1', 27017)      | OK     ( 0.00s) 
13:14:27.374 | n=109850 | primary=('mongo1', 27017)      | OK     ( 0.00s) 
13:14:27.393 | n=109900 | primary=('mongo1', 27017)      | OK     ( 0.00s) 
13:14:27.409 | n=109950 | primary=('mongo1', 27017)      | OK     ( 0.00s) 
13:14:27.425 | n=110000 | primary=('mongo1', 27017)      | OK     ( 0.00s) 
13:14:27.441 | n=110050 | primary=('mongo1', 27017)      | OK     ( 0.00s) 
13:14:27.457 | n=110100 | primary=('mongo1', 27017)      | OK     ( 0.00s) 
13:14:27.473 | n=110150 | primary=('mongo1', 27017)      | OK     ( 0.00s) 
13:14:27.489 | n=110200 | primary=('mongo1', 27017)      | OK     ( 0.00s) 
13:14:27.506 | n=110250 | primary=('mongo1', 27017)      | OK     ( 0.00s) 
13:14:27.521 | n=110300 | primary=('mongo1', 27017)      | OK     ( 0.00s) 
13:14:27.537 | n=110350 | primary=('mongo1', 27017)      | OK     ( 0.00s) 
13:14:27.552 | n=110400 | primary=('mongo1', 27017)      | OK     ( 0.00s) 
13:14:27.568 | n=110450 | primary=('mongo1', 27017)      | OK     ( 0.00s) 
13:14:27.584 | n=110500 | primary=('mongo1', 27017)      | OK     ( 0.00s) 
13:14:27.599 | n=110550 | primary=('mongo1', 27017)      | OK     ( 0.00s) 
13:14:27.615 | n=110600 | primary=('mongo1', 27017)      | OK     ( 0.00s) 
13:14:27.631 | n=110650 | primary=('mongo1', 27017)      | OK     ( 0.00s) 
13:14:27.647 | n=110700 | primary=('mongo1', 27017)      | OK     ( 0.00s) 
13:14:27.663 | n=110750 | primary=('mongo1', 27017)      | OK     ( 0.00s) 
13:14:27.679 | n=110800 | primary=('mongo1', 27017)      | OK     ( 0.00s) 
13:14:27.694 | n=110850 | primary=('mongo1', 27017)      | OK     ( 0.00s) 
13:14:27.710 | n=110900 | primary=('mongo1', 27017)      | OK     ( 0.00s) 
13:14:27.727 | n=110950 | primary=('mongo1', 27017)      | OK     ( 0.00s) 
13:14:27.742 | n=111000 | primary=('mongo1', 27017)      | OK     ( 0.00s) 
13:14:27.758 | n=111050 | primary=('mongo1', 27017)      | OK     ( 0.00s) 
13:14:27.775 | n=111100 | primary=('mongo1', 27017)      | OK     ( 0.00s) 
13:14:27.790 | n=111150 | primary=('mongo1', 27017)      | OK     ( 0.00s) 
13:14:27.806 | n=111200 | primary=('mongo1', 27017)      | OK     ( 0.00s) 
13:14:27.822 | n=111250 | primary=('mongo1', 27017)      | OK     ( 0.00s) 
13:14:27.838 | n=111300 | primary=('mongo1', 27017)      | OK     ( 0.00s) 
13:14:27.853 | n=111350 | primary=('mongo1', 27017)      | OK     ( 0.00s) 
13:14:27.870 | n=111400 | primary=('mongo1', 27017)      | OK     ( 0.00s) 
13:14:27.885 | n=111450 | primary=('mongo1', 27017)      | OK     ( 0.00s) 
13:14:27.900 | n=111500 | primary=('mongo1', 27017)      | OK     ( 0.00s) 
13:14:27.916 | n=111550 | primary=('mongo1', 27017)      | OK     ( 0.00s) 
13:14:27.932 | n=111600 | primary=('mongo1', 27017)      | OK     ( 0.00s) 
13:14:27.948 | n=111650 | primary=('mongo1', 27017)      | OK     ( 0.00s) 
13:14:27.963 | n=111700 | primary=('mongo1', 27017)      | OK     ( 0.00s) 
13:14:27.979 | n=111750 | primary=('mongo1', 27017)      | OK     ( 0.00s) 
13:14:27.995 | n=111800 | primary=('mongo1', 27017)      | OK     ( 0.00s) 
13:14:28.011 | n=111850 | primary=('mongo1', 27017)      | OK     ( 0.00s) 
13:14:28.027 | n=111900 | primary=('mongo1', 27017)      | OK     ( 0.00s) 
13:14:28.042 | n=111950 | primary=('mongo1', 27017)      | OK     ( 0.00s) 
13:14:28.057 | n=112000 | primary=('mongo1', 27017)      | OK     ( 0.00s) 
13:14:28.073 | n=112050 | primary=('mongo1', 27017)      | OK     ( 0.00s) 
13:14:28.089 | n=112100 | primary=('mongo1', 27017)      | OK     ( 0.00s) 
13:14:28.104 | n=112150 | primary=('mongo1', 27017)      | OK     ( 0.00s) 
13:14:28.120 | n=112200 | primary=('mongo1', 27017)      | OK     ( 0.00s) 
13:14:28.136 | n=112250 | primary=('mongo1', 27017)      | OK     ( 0.00s) 
13:14:28.152 | n=112300 | primary=('mongo1', 27017)      | OK     ( 0.00s) 
13:14:28.169 | n=112350 | primary=('mongo1', 27017)      | OK     ( 0.00s) 
13:14:28.184 | n=112400 | primary=('mongo1', 27017)      | OK     ( 0.00s) 
13:14:28.200 | n=112450 | primary=('mongo1', 27017)      | OK     ( 0.00s) 
13:14:28.216 | n=112500 | primary=('mongo1', 27017)      | OK     ( 0.00s) 
13:14:28.232 | n=112550 | primary=('mongo1', 27017)      | OK     ( 0.00s) 
13:14:28.248 | n=112600 | primary=('mongo1', 27017)      | OK     ( 0.00s) 
13:14:28.264 | n=112650 | primary=('mongo1', 27017)      | OK     ( 0.00s) 
13:14:28.280 | n=112700 | primary=('mongo1', 27017)      | OK     ( 0.00s) 
13:14:28.295 | n=112750 | primary=('mongo1', 27017)      | OK     ( 0.00s) 
13:14:28.310 | n=112800 | primary=('mongo1', 27017)      | OK     ( 0.00s) 
13:14:28.326 | n=112850 | primary=('mongo1', 27017)      | OK     ( 0.00s) 
13:14:28.342 | n=112900 | primary=('mongo1', 27017)      | OK     ( 0.00s) 
13:14:28.358 | n=112950 | primary=('mongo1', 27017)      | OK     ( 0.00s) 
13:14:28.373 | n=113000 | primary=('mongo1', 27017)      | OK     ( 0.00s) 
13:14:28.388 | n=113050 | primary=('mongo1', 27017)      | OK     ( 0.00s) 
13:14:28.404 | n=113100 | primary=('mongo1', 27017)      | OK     ( 0.00s) 
13:14:28.420 | n=113150 | primary=('mongo1', 27017)      | OK     ( 0.00s) 
13:14:28.436 | n=113200 | primary=('mongo1', 27017)      | OK     ( 0.00s) 
13:14:28.452 | n=113250 | primary=('mongo1', 27017)      | OK     ( 0.00s) 
13:14:28.468 | n=113300 | primary=('mongo1', 27017)      | OK     ( 0.00s) 
13:14:28.484 | n=113350 | primary=('mongo1', 27017)      | OK     ( 0.00s) 
13:14:28.500 | n=113400 | primary=('mongo1', 27017)      | OK     ( 0.00s) 
13:14:28.515 | n=113450 | primary=('mongo1', 27017)      | OK     ( 0.00s) 
13:14:28.532 | n=113500 | primary=('mongo1', 27017)      | OK     ( 0.00s) 
13:14:28.548 | n=113550 | primary=('mongo1', 27017)      | OK     ( 0.00s) 
13:14:28.564 | n=113600 | primary=('mongo1', 27017)      | OK     ( 0.00s) 
13:14:28.580 | n=113650 | primary=('mongo1', 27017)      | OK     ( 0.00s) 
13:14:28.596 | n=113700 | primary=('mongo1', 27017)      | OK     ( 0.00s) 
13:14:28.613 | n=113750 | primary=('mongo1', 27017)      | OK     ( 0.00s) 
13:14:28.630 | n=113800 | primary=('mongo1', 27017)      | OK     ( 0.00s) 
13:14:28.645 | n=113850 | primary=('mongo1', 27017)      | OK     ( 0.00s) 
13:14:28.661 | n=113900 | primary=('mongo1', 27017)      | OK     ( 0.00s) 
13:14:28.676 | n=113950 | primary=('mongo1', 27017)      | OK     ( 0.00s) 
13:14:28.692 | n=114000 | primary=('mongo1', 27017)      | OK     ( 0.00s) 
13:14:28.708 | n=114050 | primary=('mongo1', 27017)      | OK     ( 0.00s) 
13:14:28.724 | n=114100 | primary=('mongo1', 27017)      | OK     ( 0.00s) 
13:14:28.740 | n=114150 | primary=('mongo1', 27017)      | OK     ( 0.00s) 
13:14:28.755 | n=114200 | primary=('mongo1', 27017)      | OK     ( 0.00s) 
13:14:28.772 | n=114250 | primary=('mongo1', 27017)      | OK     ( 0.00s) 
13:14:28.788 | n=114300 | primary=('mongo1', 27017)      | OK     ( 0.00s) 
13:14:28.804 | n=114350 | primary=('mongo1', 27017)      | OK     ( 0.00s) 
13:14:28.821 | n=114400 | primary=('mongo1', 27017)      | OK     ( 0.00s) 
13:14:28.836 | n=114450 | primary=('mongo1', 27017)      | OK     ( 0.00s) 
13:14:28.853 | n=114500 | primary=('mongo1', 27017)      | OK     ( 0.00s) 
13:14:28.868 | n=114550 | primary=('mongo1', 27017)      | OK     ( 0.00s) 
13:14:28.884 | n=114600 | primary=('mongo1', 27017)      | OK     ( 0.00s) 
13:14:28.901 | n=114650 | primary=('mongo1', 27017)      | OK     ( 0.00s) 
13:14:28.917 | n=114700 | primary=('mongo1', 27017)      | OK     ( 0.00s) 
13:14:28.933 | n=114750 | primary=('mongo1', 27017)      | OK     ( 0.00s) 
13:14:28.949 | n=114800 | primary=('mongo1', 27017)      | OK     ( 0.00s) 
13:14:28.964 | n=114850 | primary=('mongo1', 27017)      | OK     ( 0.00s) 
13:14:28.981 | n=114900 | primary=('mongo1', 27017)      | OK     ( 0.00s) 
13:14:28.998 | n=114950 | primary=('mongo1', 27017)      | OK     ( 0.00s) 
13:14:29.014 | n=115000 | primary=('mongo1', 27017)      | OK     ( 0.00s) 
13:14:29.030 | n=115050 | primary=('mongo1', 27017)      | OK     ( 0.00s) 
13:14:29.046 | n=115100 | primary=('mongo1', 27017)      | OK     ( 0.00s) 
13:14:29.062 | n=115150 | primary=('mongo1', 27017)      | OK     ( 0.00s) 
13:14:29.078 | n=115200 | primary=('mongo1', 27017)      | OK     ( 0.00s) 
13:14:29.093 | n=115250 | primary=('mongo1', 27017)      | OK     ( 0.00s) 
13:14:29.110 | n=115300 | primary=('mongo1', 27017)      | OK     ( 0.00s) 
13:14:29.126 | n=115350 | primary=('mongo1', 27017)      | OK     ( 0.00s) 
13:14:29.141 | n=115400 | primary=('mongo1', 27017)      | OK     ( 0.00s) 
13:14:29.157 | n=115450 | primary=('mongo1', 27017)      | OK     ( 0.00s) 
13:14:29.172 | n=115500 | primary=('mongo1', 27017)      | OK     ( 0.00s) 
13:14:29.188 | n=115550 | primary=('mongo1', 27017)      | OK     ( 0.00s) 
13:14:29.203 | n=115600 | primary=('mongo1', 27017)      | OK     ( 0.00s) 
13:14:29.219 | n=115650 | primary=('mongo1', 27017)      | OK     ( 0.00s) 
13:14:29.235 | n=115700 | primary=('mongo1', 27017)      | OK     ( 0.00s) 
13:14:29.251 | n=115750 | primary=('mongo1', 27017)      | OK     ( 0.00s) 
13:14:29.266 | n=115800 | primary=('mongo1', 27017)      | OK     ( 0.00s) 
13:14:29.282 | n=115850 | primary=('mongo1', 27017)      | OK     ( 0.00s) 
13:14:29.297 | n=115900 | primary=('mongo1', 27017)      | OK     ( 0.00s) 
13:14:29.312 | n=115950 | primary=('mongo1', 27017)      | OK     ( 0.00s) 
13:14:29.328 | n=116000 | primary=('mongo1', 27017)      | OK     ( 0.00s) 
13:14:29.345 | n=116050 | primary=('mongo1', 27017)      | OK     ( 0.00s) 
13:14:29.363 | n=116100 | primary=('mongo1', 27017)      | OK     ( 0.00s) 
13:14:29.380 | n=116150 | primary=('mongo1', 27017)      | OK     ( 0.00s) 
13:14:29.397 | n=116200 | primary=('mongo1', 27017)      | OK     ( 0.00s) 
13:14:29.415 | n=116250 | primary=('mongo1', 27017)      | OK     ( 0.00s) 
13:14:29.432 | n=116300 | primary=('mongo1', 27017)      | OK     ( 0.00s) 
13:14:29.448 | n=116350 | primary=('mongo1', 27017)      | OK     ( 0.00s) 
13:14:29.464 | n=116400 | primary=('mongo1', 27017)      | OK     ( 0.00s) 
13:14:29.479 | n=116450 | primary=('mongo1', 27017)      | OK     ( 0.00s) 
13:14:29.495 | n=116500 | primary=('mongo1', 27017)      | OK     ( 0.00s) 
13:14:29.511 | n=116550 | primary=('mongo1', 27017)      | OK     ( 0.00s) 
13:14:29.528 | n=116600 | primary=('mongo1', 27017)      | OK     ( 0.00s) 
13:14:29.543 | n=116650 | primary=('mongo1', 27017)      | OK     ( 0.00s) 
13:14:29.559 | n=116700 | primary=('mongo1', 27017)      | OK     ( 0.00s) 
13:14:29.575 | n=116750 | primary=('mongo1', 27017)      | OK     ( 0.00s) 
13:14:29.592 | n=116800 | primary=('mongo1', 27017)      | OK     ( 0.00s) 
13:14:29.607 | n=116850 | primary=('mongo1', 27017)      | OK     ( 0.00s) 
13:14:29.623 | n=116900 | primary=('mongo1', 27017)      | OK     ( 0.00s) 
13:14:29.640 | n=116950 | primary=('mongo1', 27017)      | OK     ( 0.00s) 
13:14:29.656 | n=117000 | primary=('mongo1', 27017)      | OK     ( 0.00s) 
13:14:29.672 | n=117050 | primary=('mongo1', 27017)      | OK     ( 0.00s) 
13:14:29.687 | n=117100 | primary=('mongo1', 27017)      | OK     ( 0.00s) 
13:14:29.703 | n=117150 | primary=('mongo1', 27017)      | OK     ( 0.00s) 
13:14:29.719 | n=117200 | primary=('mongo1', 27017)      | OK     ( 0.00s) 
13:14:29.734 | n=117250 | primary=('mongo1', 27017)      | OK     ( 0.00s) 
13:14:29.750 | n=117300 | primary=('mongo1', 27017)      | OK     ( 0.00s) 
13:14:29.766 | n=117350 | primary=('mongo1', 27017)      | OK     ( 0.00s) 
13:14:29.781 | n=117400 | primary=('mongo1', 27017)      | OK     ( 0.00s) 
13:14:29.798 | n=117450 | primary=('mongo1', 27017)      | OK     ( 0.00s) 
13:14:29.814 | n=117500 | primary=('mongo1', 27017)      | OK     ( 0.00s) 
13:14:29.829 | n=117550 | primary=('mongo1', 27017)      | OK     ( 0.00s) 
13:14:29.845 | n=117600 | primary=('mongo1', 27017)      | OK     ( 0.00s) 
13:14:29.861 | n=117650 | primary=('mongo1', 27017)      | OK     ( 0.00s) 
13:14:29.877 | n=117700 | primary=('mongo1', 27017)      | OK     ( 0.00s) 
13:14:29.893 | n=117750 | primary=('mongo1', 27017)      | OK     ( 0.00s) 
13:14:29.909 | n=117800 | primary=('mongo1', 27017)      | OK     ( 0.00s) 
13:14:29.924 | n=117850 | primary=('mongo1', 27017)      | OK     ( 0.00s) 
13:14:29.940 | n=117900 | primary=('mongo1', 27017)      | OK     ( 0.00s) 
13:14:29.957 | n=117950 | primary=('mongo1', 27017)      | OK     ( 0.00s) 
13:14:29.973 | n=118000 | primary=('mongo1', 27017)      | OK     ( 0.00s) 
13:14:29.988 | n=118050 | primary=('mongo1', 27017)      | OK     ( 0.00s) 
13:14:30.003 | n=118100 | primary=('mongo1', 27017)      | OK     ( 0.00s) 
13:14:30.020 | n=118150 | primary=('mongo1', 27017)      | OK     ( 0.00s) 
13:14:30.037 | n=118200 | primary=('mongo1', 27017)      | OK     ( 0.00s) 
13:14:30.053 | n=118250 | primary=('mongo1', 27017)      | OK     ( 0.00s) 
13:14:30.068 | n=118300 | primary=('mongo1', 27017)      | OK     ( 0.00s) 
13:14:30.084 | n=118350 | primary=('mongo1', 27017)      | OK     ( 0.00s) 
13:14:30.100 | n=118400 | primary=('mongo1', 27017)      | OK     ( 0.00s) 
13:14:30.116 | n=118450 | primary=('mongo1', 27017)      | OK     ( 0.00s) 
13:14:30.131 | n=118500 | primary=('mongo1', 27017)      | OK     ( 0.00s) 
13:14:30.147 | n=118550 | primary=('mongo1', 27017)      | OK     ( 0.00s) 
13:14:30.163 | n=118600 | primary=('mongo1', 27017)      | OK     ( 0.00s) 
13:14:30.179 | n=118650 | primary=('mongo1', 27017)      | OK     ( 0.00s) 
13:14:30.196 | n=118700 | primary=('mongo1', 27017)      | OK     ( 0.00s) 
13:14:30.211 | n=118750 | primary=('mongo1', 27017)      | OK     ( 0.00s) 
13:14:30.227 | n=118800 | primary=('mongo1', 27017)      | OK     ( 0.00s) 
13:14:30.242 | n=118850 | primary=('mongo1', 27017)      | OK     ( 0.00s) 
13:14:30.258 | n=118900 | primary=('mongo1', 27017)      | OK     ( 0.00s) 
13:14:30.274 | n=118950 | primary=('mongo1', 27017)      | OK     ( 0.00s) 
13:14:30.291 | n=119000 | primary=('mongo1', 27017)      | OK     ( 0.00s) 
13:14:30.307 | n=119050 | primary=('mongo1', 27017)      | OK     ( 0.00s) 
13:14:30.323 | n=119100 | primary=('mongo1', 27017)      | OK     ( 0.00s) 
13:14:30.339 | n=119150 | primary=('mongo1', 27017)      | OK     ( 0.00s) 
13:14:30.356 | n=119200 | primary=('mongo1', 27017)      | OK     ( 0.00s) 
13:14:30.372 | n=119250 | primary=('mongo1', 27017)      | OK     ( 0.00s) 
13:14:30.388 | n=119300 | primary=('mongo1', 27017)      | OK     ( 0.00s) 
13:14:30.405 | n=119350 | primary=('mongo1', 27017)      | OK     ( 0.00s) 
13:14:30.421 | n=119400 | primary=('mongo1', 27017)      | OK     ( 0.00s) 
13:14:30.436 | n=119450 | primary=('mongo1', 27017)      | OK     ( 0.00s) 
13:14:30.451 | n=119500 | primary=('mongo1', 27017)      | OK     ( 0.00s) 
13:14:30.467 | n=119550 | primary=('mongo1', 27017)      | OK     ( 0.00s) 
13:14:30.482 | n=119600 | primary=('mongo1', 27017)      | OK     ( 0.00s) 
13:14:30.499 | n=119650 | primary=('mongo1', 27017)      | OK     ( 0.00s) 
13:14:30.515 | n=119700 | primary=('mongo1', 27017)      | OK     ( 0.00s) 
13:14:30.531 | n=119750 | primary=('mongo1', 27017)      | OK     ( 0.00s) 
13:14:30.548 | n=119800 | primary=('mongo1', 27017)      | OK     ( 0.00s) 
13:14:30.563 | n=119850 | primary=('mongo1', 27017)      | OK     ( 0.00s) 
13:14:30.579 | n=119900 | primary=('mongo1', 27017)      | OK     ( 0.00s) 
13:14:30.595 | n=119950 | primary=('mongo1', 27017)      | OK     ( 0.00s) 
13:14:30.611 | n=120000 | primary=('mongo1', 27017)      | OK     ( 0.00s) 
13:14:30.627 | n=120050 | primary=('mongo1', 27017)      | OK     ( 0.00s) 
13:14:30.643 | n=120100 | primary=('mongo1', 27017)      | OK     ( 0.00s) 
13:14:30.659 | n=120150 | primary=('mongo1', 27017)      | OK     ( 0.00s) 
13:14:30.674 | n=120200 | primary=('mongo1', 27017)      | OK     ( 0.00s) 
13:14:30.691 | n=120250 | primary=('mongo1', 27017)      | OK     ( 0.00s) 
13:14:30.706 | n=120300 | primary=('mongo1', 27017)      | OK     ( 0.00s) 
13:14:30.722 | n=120350 | primary=('mongo1', 27017)      | OK     ( 0.00s) 
13:14:30.738 | n=120400 | primary=('mongo1', 27017)      | OK     ( 0.00s) 
13:14:30.754 | n=120450 | primary=('mongo1', 27017)      | OK     ( 0.00s) 
13:14:30.770 | n=120500 | primary=('mongo1', 27017)      | OK     ( 0.00s) 
13:14:30.785 | n=120550 | primary=('mongo1', 27017)      | OK     ( 0.00s) 
13:14:30.801 | n=120600 | primary=('mongo1', 27017)      | OK     ( 0.00s) 
13:14:30.818 | n=120650 | primary=('mongo1', 27017)      | OK     ( 0.00s) 
13:14:30.833 | n=120700 | primary=('mongo1', 27017)      | OK     ( 0.00s) 
13:14:30.849 | n=120750 | primary=('mongo1', 27017)      | OK     ( 0.00s) 
13:14:30.865 | n=120800 | primary=('mongo1', 27017)      | OK     ( 0.00s) 
13:14:30.881 | n=120850 | primary=('mongo1', 27017)      | OK     ( 0.00s) 
13:14:30.897 | n=120900 | primary=('mongo1', 27017)      | OK     ( 0.00s) 
13:14:30.913 | n=120950 | primary=('mongo1', 27017)      | OK     ( 0.00s) 
13:14:30.929 | n=121000 | primary=('mongo1', 27017)      | OK     ( 0.00s) 
13:14:30.945 | n=121050 | primary=('mongo1', 27017)      | OK     ( 0.00s) 
13:14:30.960 | n=121100 | primary=('mongo1', 27017)      | OK     ( 0.00s) 
13:14:30.977 | n=121150 | primary=('mongo1', 27017)      | OK     ( 0.00s) 
13:14:30.993 | n=121200 | primary=('mongo1', 27017)      | OK     ( 0.00s) 
13:14:31.012 | n=121250 | primary=('mongo1', 27017)      | OK     ( 0.00s) 
13:14:31.029 | n=121300 | primary=('mongo1', 27017)      | OK     ( 0.00s) 
13:14:31.045 | n=121350 | primary=('mongo1', 27017)      | OK     ( 0.00s) 
13:14:31.061 | n=121400 | primary=('mongo1', 27017)      | OK     ( 0.00s) 
13:14:31.079 | n=121450 | primary=('mongo1', 27017)      | OK     ( 0.00s) 
13:14:31.095 | n=121500 | primary=('mongo1', 27017)      | OK     ( 0.00s) 
13:14:31.112 | n=121550 | primary=('mongo1', 27017)      | OK     ( 0.00s) 
13:14:31.129 | n=121600 | primary=('mongo1', 27017)      | OK     ( 0.00s) 
13:14:31.145 | n=121650 | primary=('mongo1', 27017)      | OK     ( 0.00s) 
13:14:31.161 | n=121700 | primary=('mongo1', 27017)      | OK     ( 0.00s) 
13:14:31.178 | n=121750 | primary=('mongo1', 27017)      | OK     ( 0.00s) 
13:14:31.197 | n=121800 | primary=('mongo1', 27017)      | OK     ( 0.00s) 
13:14:31.213 | n=121850 | primary=('mongo1', 27017)      | OK     ( 0.00s) 
13:14:31.231 | n=121900 | primary=('mongo1', 27017)      | OK     ( 0.00s) 
13:14:31.247 | n=121950 | primary=('mongo1', 27017)      | OK     ( 0.00s) 
13:14:31.263 | n=122000 | primary=('mongo1', 27017)      | OK     ( 0.00s) 
13:14:31.279 | n=122050 | primary=('mongo1', 27017)      | OK     ( 0.00s) 
13:14:31.296 | n=122100 | primary=('mongo1', 27017)      | OK     ( 0.00s) 
13:14:31.313 | n=122150 | primary=('mongo1', 27017)      | OK     ( 0.00s) 
13:14:31.330 | n=122200 | primary=('mongo1', 27017)      | OK     ( 0.00s) 
13:14:31.347 | n=122250 | primary=('mongo1', 27017)      | OK     ( 0.00s) 
13:14:31.364 | n=122300 | primary=('mongo1', 27017)      | OK     ( 0.00s) 
13:14:31.381 | n=122350 | primary=('mongo1', 27017)      | OK     ( 0.00s) 
13:14:31.398 | n=122400 | primary=('mongo1', 27017)      | OK     ( 0.00s) 
13:14:31.418 | n=122450 | primary=('mongo1', 27017)      | OK     ( 0.00s) 
13:14:31.436 | n=122500 | primary=('mongo1', 27017)      | OK     ( 0.00s) 
13:14:31.454 | n=122550 | primary=('mongo1', 27017)      | OK     ( 0.00s) 
13:14:31.471 | n=122600 | primary=('mongo1', 27017)      | OK     ( 0.00s) 
13:14:31.489 | n=122650 | primary=('mongo1', 27017)      | OK     ( 0.00s) 
13:14:31.507 | n=122700 | primary=('mongo1', 27017)      | OK     ( 0.00s) 
13:14:31.525 | n=122750 | primary=('mongo1', 27017)      | OK     ( 0.00s) 
13:14:31.542 | n=122800 | primary=('mongo1', 27017)      | OK     ( 0.00s) 
13:14:31.559 | n=122850 | primary=('mongo1', 27017)      | OK     ( 0.00s) 
13:14:31.575 | n=122900 | primary=('mongo1', 27017)      | OK     ( 0.00s) 
13:14:31.592 | n=122950 | primary=('mongo1', 27017)      | OK     ( 0.00s) 
13:14:31.610 | n=123000 | primary=('mongo1', 27017)      | OK     ( 0.00s) 
13:14:31.628 | n=123050 | primary=('mongo1', 27017)      | OK     ( 0.00s) 
13:14:31.644 | n=123100 | primary=('mongo1', 27017)      | OK     ( 0.00s) 
13:14:31.660 | n=123150 | primary=('mongo1', 27017)      | OK     ( 0.00s) 
13:14:31.677 | n=123200 | primary=('mongo1', 27017)      | OK     ( 0.00s) 
13:14:31.694 | n=123250 | primary=('mongo1', 27017)      | OK     ( 0.00s) 
13:14:31.711 | n=123300 | primary=('mongo1', 27017)      | OK     ( 0.00s) 
13:14:31.727 | n=123350 | primary=('mongo1', 27017)      | OK     ( 0.00s) 
13:14:31.743 | n=123400 | primary=('mongo1', 27017)      | OK     ( 0.00s) 
13:14:31.760 | n=123450 | primary=('mongo1', 27017)      | OK     ( 0.00s) 
13:14:31.776 | n=123500 | primary=('mongo1', 27017)      | OK     ( 0.00s) 
13:14:31.793 | n=123550 | primary=('mongo1', 27017)      | OK     ( 0.00s) 
13:14:31.811 | n=123600 | primary=('mongo1', 27017)      | OK     ( 0.00s) 
13:14:31.827 | n=123650 | primary=('mongo1', 27017)      | OK     ( 0.00s) 
13:14:31.843 | n=123700 | primary=('mongo1', 27017)      | OK     ( 0.00s) 
13:14:31.860 | n=123750 | primary=('mongo1', 27017)      | OK     ( 0.00s) 
13:14:31.879 | n=123800 | primary=('mongo1', 27017)      | OK     ( 0.00s) 
13:14:31.897 | n=123850 | primary=('mongo1', 27017)      | OK     ( 0.00s) 
13:14:31.913 | n=123900 | primary=('mongo1', 27017)      | OK     ( 0.00s) 
13:14:31.930 | n=123950 | primary=('mongo1', 27017)      | OK     ( 0.00s) 
13:14:31.947 | n=124000 | primary=('mongo1', 27017)      | OK     ( 0.00s) 
13:14:31.964 | n=124050 | primary=('mongo1', 27017)      | OK     ( 0.00s) 
13:14:31.981 | n=124100 | primary=('mongo1', 27017)      | OK     ( 0.00s) 
13:14:31.999 | n=124150 | primary=('mongo1', 27017)      | OK     ( 0.00s) 
13:14:32.018 | n=124200 | primary=('mongo1', 27017)      | OK     ( 0.00s) 
13:14:32.038 | n=124250 | primary=('mongo1', 27017)      | OK     ( 0.00s) 
13:14:32.057 | n=124300 | primary=('mongo1', 27017)      | OK     ( 0.00s) 
13:14:32.074 | n=124350 | primary=('mongo1', 27017)      | OK     ( 0.00s) 
13:14:32.092 | n=124400 | primary=('mongo1', 27017)      | OK     ( 0.00s) 
13:14:32.109 | n=124450 | primary=('mongo1', 27017)      | OK     ( 0.00s) 
13:14:32.127 | n=124500 | primary=('mongo1', 27017)      | OK     ( 0.00s) 
13:14:32.144 | n=124550 | primary=('mongo1', 27017)      | OK     ( 0.00s) 
13:14:32.162 | n=124600 | primary=('mongo1', 27017)      | OK     ( 0.00s) 
13:14:32.180 | n=124650 | primary=('mongo1', 27017)      | OK     ( 0.00s) 
13:14:32.197 | n=124700 | primary=('mongo1', 27017)      | OK     ( 0.00s) 
13:14:32.216 | n=124750 | primary=('mongo1', 27017)      | OK     ( 0.00s) 
13:14:32.235 | n=124800 | primary=('mongo1', 27017)      | OK     ( 0.00s) 
13:14:32.252 | n=124850 | primary=('mongo1', 27017)      | OK     ( 0.00s) 
13:14:32.268 | n=124900 | primary=('mongo1', 27017)      | OK     ( 0.00s) 
13:14:32.286 | n=124950 | primary=('mongo1', 27017)      | OK     ( 0.00s) 
13:14:32.303 | n=125000 | primary=('mongo1', 27017)      | OK     ( 0.00s) 
13:14:32.319 | n=125050 | primary=('mongo1', 27017)      | OK     ( 0.00s) 
13:14:32.334 | n=125100 | primary=('mongo1', 27017)      | OK     ( 0.00s) 
13:14:32.350 | n=125150 | primary=('mongo1', 27017)      | OK     ( 0.00s) 
13:14:32.366 | n=125200 | primary=('mongo1', 27017)      | OK     ( 0.00s) 
13:14:32.382 | n=125250 | primary=('mongo1', 27017)      | OK     ( 0.00s) 
13:14:32.398 | n=125300 | primary=('mongo1', 27017)      | OK     ( 0.00s) 
13:14:32.414 | n=125350 | primary=('mongo1', 27017)      | OK     ( 0.00s) 
13:14:32.431 | n=125400 | primary=('mongo1', 27017)      | OK     ( 0.00s) 
13:14:32.447 | n=125450 | primary=('mongo1', 27017)      | OK     ( 0.00s) 
13:14:32.462 | n=125500 | primary=('mongo1', 27017)      | OK     ( 0.00s) 
13:14:32.479 | n=125550 | primary=('mongo1', 27017)      | OK     ( 0.00s) 
13:14:32.494 | n=125600 | primary=('mongo1', 27017)      | OK     ( 0.00s) 
13:14:32.511 | n=125650 | primary=('mongo1', 27017)      | OK     ( 0.00s) 
13:14:32.528 | n=125700 | primary=('mongo1', 27017)      | OK     ( 0.00s) 
13:14:32.544 | n=125750 | primary=('mongo1', 27017)      | OK     ( 0.00s) 
13:14:32.561 | n=125800 | primary=('mongo1', 27017)      | OK     ( 0.00s) 
13:14:32.578 | n=125850 | primary=('mongo1', 27017)      | OK     ( 0.00s) 
13:14:32.594 | n=125900 | primary=('mongo1', 27017)      | OK     ( 0.00s) 
13:14:32.611 | n=125950 | primary=('mongo1', 27017)      | OK     ( 0.00s) 
13:14:32.627 | n=126000 | primary=('mongo1', 27017)      | OK     ( 0.00s) 
13:14:32.645 | n=126050 | primary=('mongo1', 27017)      | OK     ( 0.00s) 
13:14:32.661 | n=126100 | primary=('mongo1', 27017)      | OK     ( 0.00s) 
13:14:32.678 | n=126150 | primary=('mongo1', 27017)      | OK     ( 0.00s) 
13:14:32.693 | n=126200 | primary=('mongo1', 27017)      | OK     ( 0.00s) 
13:14:32.709 | n=126250 | primary=('mongo1', 27017)      | OK     ( 0.00s) 
13:14:32.724 | n=126300 | primary=('mongo1', 27017)      | OK     ( 0.00s) 
13:14:32.740 | n=126350 | primary=('mongo1', 27017)      | OK     ( 0.00s) 
13:14:32.755 | n=126400 | primary=('mongo1', 27017)      | OK     ( 0.00s) 
13:14:32.771 | n=126450 | primary=('mongo1', 27017)      | OK     ( 0.00s) 
13:14:32.787 | n=126500 | primary=('mongo1', 27017)      | OK     ( 0.00s) 
13:14:32.803 | n=126550 | primary=('mongo1', 27017)      | OK     ( 0.00s) 
13:14:32.819 | n=126600 | primary=('mongo1', 27017)      | OK     ( 0.00s) 
13:14:32.835 | n=126650 | primary=('mongo1', 27017)      | OK     ( 0.00s) 
13:14:32.851 | n=126700 | primary=('mongo1', 27017)      | OK     ( 0.00s) 
13:14:32.866 | n=126750 | primary=('mongo1', 27017)      | OK     ( 0.00s) 
13:14:32.881 | n=126800 | primary=('mongo1', 27017)      | OK     ( 0.00s) 
13:14:32.897 | n=126850 | primary=('mongo1', 27017)      | OK     ( 0.00s) 
13:14:32.913 | n=126900 | primary=('mongo1', 27017)      | OK     ( 0.00s) 
13:14:32.930 | n=126950 | primary=('mongo1', 27017)      | OK     ( 0.00s) 
13:14:32.946 | n=127000 | primary=('mongo1', 27017)      | OK     ( 0.00s) 
13:14:32.961 | n=127050 | primary=('mongo1', 27017)      | OK     ( 0.00s) 
13:14:32.978 | n=127100 | primary=('mongo1', 27017)      | OK     ( 0.00s) 
13:14:32.993 | n=127150 | primary=('mongo1', 27017)      | OK     ( 0.00s) 
13:14:33.009 | n=127200 | primary=('mongo1', 27017)      | OK     ( 0.00s) 
13:14:33.026 | n=127250 | primary=('mongo1', 27017)      | OK     ( 0.00s) 
13:14:33.042 | n=127300 | primary=('mongo1', 27017)      | OK     ( 0.00s) 
13:14:33.058 | n=127350 | primary=('mongo1', 27017)      | OK     ( 0.00s) 
13:14:33.074 | n=127400 | primary=('mongo1', 27017)      | OK     ( 0.00s) 
13:14:33.091 | n=127450 | primary=('mongo1', 27017)      | OK     ( 0.00s) 
13:14:33.106 | n=127500 | primary=('mongo1', 27017)      | OK     ( 0.00s) 
13:14:33.122 | n=127550 | primary=('mongo1', 27017)      | OK     ( 0.00s) 
13:14:33.138 | n=127600 | primary=('mongo1', 27017)      | OK     ( 0.00s) 
13:14:33.153 | n=127650 | primary=('mongo1', 27017)      | OK     ( 0.00s) 
13:14:33.169 | n=127700 | primary=('mongo1', 27017)      | OK     ( 0.00s) 
13:14:33.185 | n=127750 | primary=('mongo1', 27017)      | OK     ( 0.00s) 
13:14:33.201 | n=127800 | primary=('mongo1', 27017)      | OK     ( 0.00s) 
13:14:33.218 | n=127850 | primary=('mongo1', 27017)      | OK     ( 0.00s) 
13:14:33.234 | n=127900 | primary=('mongo1', 27017)      | OK     ( 0.00s) 
13:14:33.250 | n=127950 | primary=('mongo1', 27017)      | OK     ( 0.00s) 
13:14:33.266 | n=128000 | primary=('mongo1', 27017)      | OK     ( 0.00s) 
13:14:33.282 | n=128050 | primary=('mongo1', 27017)      | OK     ( 0.00s) 
13:14:33.299 | n=128100 | primary=('mongo1', 27017)      | OK     ( 0.00s) 
13:14:33.315 | n=128150 | primary=('mongo1', 27017)      | OK     ( 0.00s) 
13:14:33.332 | n=128200 | primary=('mongo1', 27017)      | OK     ( 0.00s) 
13:14:33.348 | n=128250 | primary=('mongo1', 27017)      | OK     ( 0.00s) 
13:14:33.364 | n=128300 | primary=('mongo1', 27017)      | OK     ( 0.00s) 
13:14:33.381 | n=128350 | primary=('mongo1', 27017)      | OK     ( 0.00s) 
13:14:33.397 | n=128400 | primary=('mongo1', 27017)      | OK     ( 0.00s) 
13:14:33.414 | n=128450 | primary=('mongo1', 27017)      | OK     ( 0.00s) 
13:14:33.431 | n=128500 | primary=('mongo1', 27017)      | OK     ( 0.00s) 
13:14:33.447 | n=128550 | primary=('mongo1', 27017)      | OK     ( 0.00s) 
13:14:33.462 | n=128600 | primary=('mongo1', 27017)      | OK     ( 0.00s) 
13:14:33.479 | n=128650 | primary=('mongo1', 27017)      | OK     ( 0.00s) 
13:14:33.495 | n=128700 | primary=('mongo1', 27017)      | OK     ( 0.00s) 
13:14:33.511 | n=128750 | primary=('mongo1', 27017)      | OK     ( 0.00s) 
13:14:33.527 | n=128800 | primary=('mongo1', 27017)      | OK     ( 0.00s) 
13:14:33.544 | n=128850 | primary=('mongo1', 27017)      | OK     ( 0.00s) 
13:14:33.560 | n=128900 | primary=('mongo1', 27017)      | OK     ( 0.00s) 
13:14:33.578 | n=128950 | primary=('mongo1', 27017)      | OK     ( 0.00s) 
13:14:33.596 | n=129000 | primary=('mongo1', 27017)      | OK     ( 0.00s) 
13:14:33.613 | n=129050 | primary=('mongo1', 27017)      | OK     ( 0.00s) 
13:14:33.632 | n=129100 | primary=('mongo1', 27017)      | OK     ( 0.00s) 
13:14:33.652 | n=129150 | primary=('mongo1', 27017)      | OK     ( 0.00s) 
13:14:33.671 | n=129200 | primary=('mongo1', 27017)      | OK     ( 0.00s) 
13:14:33.688 | n=129250 | primary=('mongo1', 27017)      | OK     ( 0.00s) 
13:14:33.704 | n=129300 | primary=('mongo1', 27017)      | OK     ( 0.00s) 
13:14:33.721 | n=129350 | primary=('mongo1', 27017)      | OK     ( 0.00s) 
13:14:33.738 | n=129400 | primary=('mongo1', 27017)      | OK     ( 0.00s) 
13:14:33.755 | n=129450 | primary=('mongo1', 27017)      | OK     ( 0.00s) 
13:14:33.772 | n=129500 | primary=('mongo1', 27017)      | OK     ( 0.00s) 
13:14:33.788 | n=129550 | primary=('mongo1', 27017)      | OK     ( 0.00s) 
13:14:33.804 | n=129600 | primary=('mongo1', 27017)      | OK     ( 0.00s) 
13:14:33.822 | n=129650 | primary=('mongo1', 27017)      | OK     ( 0.00s) 
13:14:33.838 | n=129700 | primary=('mongo1', 27017)      | OK     ( 0.00s) 
13:14:33.854 | n=129750 | primary=('mongo1', 27017)      | OK     ( 0.00s) 
13:14:33.871 | n=129800 | primary=('mongo1', 27017)      | OK     ( 0.00s) 
13:14:33.887 | n=129850 | primary=('mongo1', 27017)      | OK     ( 0.00s) 
13:14:33.903 | n=129900 | primary=('mongo1', 27017)      | OK     ( 0.00s) 
13:14:33.919 | n=129950 | primary=('mongo1', 27017)      | OK     ( 0.00s) 
13:14:33.934 | n=130000 | primary=('mongo1', 27017)      | OK     ( 0.00s) 
13:14:33.950 | n=130050 | primary=('mongo1', 27017)      | OK     ( 0.00s) 
13:14:33.965 | n=130100 | primary=('mongo1', 27017)      | OK     ( 0.00s) 
13:14:33.981 | n=130150 | primary=('mongo1', 27017)      | OK     ( 0.00s) 
13:14:33.996 | n=130200 | primary=('mongo1', 27017)      | OK     ( 0.00s) 
13:14:34.012 | n=130250 | primary=('mongo1', 27017)      | OK     ( 0.00s) 
13:14:34.029 | n=130300 | primary=('mongo1', 27017)      | OK     ( 0.00s) 
13:14:34.044 | n=130350 | primary=('mongo1', 27017)      | OK     ( 0.00s) 
13:14:34.059 | n=130400 | primary=('mongo1', 27017)      | OK     ( 0.00s) 
13:14:34.076 | n=130450 | primary=('mongo1', 27017)      | OK     ( 0.00s) 
13:14:34.092 | n=130500 | primary=('mongo1', 27017)      | OK     ( 0.00s) 
13:14:34.107 | n=130550 | primary=('mongo1', 27017)      | OK     ( 0.00s) 
13:14:34.123 | n=130600 | primary=('mongo1', 27017)      | OK     ( 0.00s) 
13:14:34.139 | n=130650 | primary=('mongo1', 27017)      | OK     ( 0.00s) 
13:14:34.154 | n=130700 | primary=('mongo1', 27017)      | OK     ( 0.00s) 
13:14:34.170 | n=130750 | primary=('mongo1', 27017)      | OK     ( 0.00s) 
13:14:34.186 | n=130800 | primary=('mongo1', 27017)      | OK     ( 0.00s) 
13:14:34.201 | n=130850 | primary=('mongo1', 27017)      | OK     ( 0.00s) 
13:14:34.217 | n=130900 | primary=('mongo1', 27017)      | OK     ( 0.00s) 
13:14:34.232 | n=130950 | primary=('mongo1', 27017)      | OK     ( 0.00s) 
13:14:34.248 | n=131000 | primary=('mongo1', 27017)      | OK     ( 0.00s) 
13:14:34.264 | n=131050 | primary=('mongo1', 27017)      | OK     ( 0.00s) 
13:14:34.280 | n=131100 | primary=('mongo1', 27017)      | OK     ( 0.00s) 
13:14:34.295 | n=131150 | primary=('mongo1', 27017)      | OK     ( 0.00s) 
13:14:34.310 | n=131200 | primary=('mongo1', 27017)      | OK     ( 0.00s) 
13:14:34.326 | n=131250 | primary=('mongo1', 27017)      | OK     ( 0.00s) 
13:14:34.342 | n=131300 | primary=('mongo1', 27017)      | OK     ( 0.00s) 
13:14:34.357 | n=131350 | primary=('mongo1', 27017)      | OK     ( 0.00s) 
13:14:34.373 | n=131400 | primary=('mongo1', 27017)      | OK     ( 0.00s) 
13:14:34.389 | n=131450 | primary=('mongo1', 27017)      | OK     ( 0.00s) 
13:14:34.405 | n=131500 | primary=('mongo1', 27017)      | OK     ( 0.00s) 
13:14:34.421 | n=131550 | primary=('mongo1', 27017)      | OK     ( 0.00s) 
13:14:34.436 | n=131600 | primary=('mongo1', 27017)      | OK     ( 0.00s) 
13:14:34.452 | n=131650 | primary=('mongo1', 27017)      | OK     ( 0.00s) 
13:14:34.468 | n=131700 | primary=('mongo1', 27017)      | OK     ( 0.00s) 
13:14:34.484 | n=131750 | primary=('mongo1', 27017)      | OK     ( 0.00s) 
13:14:34.500 | n=131800 | primary=('mongo1', 27017)      | OK     ( 0.00s) 
13:14:34.515 | n=131850 | primary=('mongo1', 27017)      | OK     ( 0.00s) 
13:14:34.531 | n=131900 | primary=('mongo1', 27017)      | OK     ( 0.00s) 
13:14:34.546 | n=131950 | primary=('mongo1', 27017)      | OK     ( 0.00s) 
13:14:34.561 | n=132000 | primary=('mongo1', 27017)      | OK     ( 0.00s) 
13:14:34.577 | n=132050 | primary=('mongo1', 27017)      | OK     ( 0.00s) 
13:14:34.594 | n=132100 | primary=('mongo1', 27017)      | OK     ( 0.00s) 
13:14:34.611 | n=132150 | primary=('mongo1', 27017)      | OK     ( 0.00s) 
13:14:34.627 | n=132200 | primary=('mongo1', 27017)      | OK     ( 0.00s) 
13:14:34.643 | n=132250 | primary=('mongo1', 27017)      | OK     ( 0.00s) 
13:14:34.659 | n=132300 | primary=('mongo1', 27017)      | OK     ( 0.00s) 
13:14:34.673 | n=132350 | primary=('mongo1', 27017)      | OK     ( 0.00s) 
13:14:34.690 | n=132400 | primary=('mongo1', 27017)      | OK     ( 0.00s) 
13:14:34.705 | n=132450 | primary=('mongo1', 27017)      | OK     ( 0.00s) 
13:14:34.721 | n=132500 | primary=('mongo1', 27017)      | OK     ( 0.00s) 
13:14:34.736 | n=132550 | primary=('mongo1', 27017)      | OK     ( 0.00s) 
13:14:34.752 | n=132600 | primary=('mongo1', 27017)      | OK     ( 0.00s) 
13:14:34.769 | n=132650 | primary=('mongo1', 27017)      | OK     ( 0.00s) 
13:14:34.786 | n=132700 | primary=('mongo1', 27017)      | OK     ( 0.00s) 
13:14:34.802 | n=132750 | primary=('mongo1', 27017)      | OK     ( 0.00s) 
13:14:34.819 | n=132800 | primary=('mongo1', 27017)      | OK     ( 0.00s) 
13:14:34.834 | n=132850 | primary=('mongo1', 27017)      | OK     ( 0.00s) 
13:14:34.850 | n=132900 | primary=('mongo1', 27017)      | OK     ( 0.00s) 
13:14:34.865 | n=132950 | primary=('mongo1', 27017)      | OK     ( 0.00s) 
13:14:34.881 | n=133000 | primary=('mongo1', 27017)      | OK     ( 0.00s) 
13:14:34.898 | n=133050 | primary=('mongo1', 27017)      | OK     ( 0.00s) 
13:14:34.913 | n=133100 | primary=('mongo1', 27017)      | OK     ( 0.00s) 
13:14:34.928 | n=133150 | primary=('mongo1', 27017)      | OK     ( 0.00s) 
13:14:34.944 | n=133200 | primary=('mongo1', 27017)      | OK     ( 0.00s) 
13:14:34.960 | n=133250 | primary=('mongo1', 27017)      | OK     ( 0.00s) 
13:14:34.975 | n=133300 | primary=('mongo1', 27017)      | OK     ( 0.00s) 
13:14:34.991 | n=133350 | primary=('mongo1', 27017)      | OK     ( 0.00s) 
13:14:35.007 | n=133400 | primary=('mongo1', 27017)      | OK     ( 0.00s) 
13:14:35.023 | n=133450 | primary=('mongo1', 27017)      | OK     ( 0.00s) 
13:14:35.039 | n=133500 | primary=('mongo1', 27017)      | OK     ( 0.00s) 
13:14:35.055 | n=133550 | primary=('mongo1', 27017)      | OK     ( 0.00s) 
13:14:35.071 | n=133600 | primary=('mongo1', 27017)      | OK     ( 0.00s) 
13:14:35.087 | n=133650 | primary=('mongo1', 27017)      | OK     ( 0.00s) 
13:14:35.102 | n=133700 | primary=('mongo1', 27017)      | OK     ( 0.00s) 
13:14:35.119 | n=133750 | primary=('mongo1', 27017)      | OK     ( 0.00s) 
13:14:35.134 | n=133800 | primary=('mongo1', 27017)      | OK     ( 0.00s) 
13:14:35.150 | n=133850 | primary=('mongo1', 27017)      | OK     ( 0.00s) 
13:14:35.166 | n=133900 | primary=('mongo1', 27017)      | OK     ( 0.00s) 
13:14:35.181 | n=133950 | primary=('mongo1', 27017)      | OK     ( 0.00s) 
13:14:35.197 | n=134000 | primary=('mongo1', 27017)      | OK     ( 0.00s) 
13:14:35.213 | n=134050 | primary=('mongo1', 27017)      | OK     ( 0.00s) 
13:14:35.229 | n=134100 | primary=('mongo1', 27017)      | OK     ( 0.00s) 
13:14:35.245 | n=134150 | primary=('mongo1', 27017)      | OK     ( 0.00s) 
13:14:35.262 | n=134200 | primary=('mongo1', 27017)      | OK     ( 0.00s) 
13:14:35.280 | n=134250 | primary=('mongo1', 27017)      | OK     ( 0.00s) 
13:14:35.298 | n=134300 | primary=('mongo1', 27017)      | OK     ( 0.00s) 
13:14:35.314 | n=134350 | primary=('mongo1', 27017)      | OK     ( 0.00s) 
13:14:35.335 | n=134400 | primary=('mongo1', 27017)      | OK     ( 0.00s) 
13:14:35.356 | n=134450 | primary=('mongo1', 27017)      | OK     ( 0.00s) 
13:14:35.374 | n=134500 | primary=('mongo1', 27017)      | OK     ( 0.00s) 
13:14:35.391 | n=134550 | primary=('mongo1', 27017)      | OK     ( 0.00s) 
13:14:35.408 | n=134600 | primary=('mongo1', 27017)      | OK     ( 0.00s) 
13:14:35.424 | n=134650 | primary=('mongo1', 27017)      | OK     ( 0.00s) 
13:14:35.439 | n=134700 | primary=('mongo1', 27017)      | OK     ( 0.00s) 
13:14:35.455 | n=134750 | primary=('mongo1', 27017)      | OK     ( 0.00s) 
13:14:35.471 | n=134800 | primary=('mongo1', 27017)      | OK     ( 0.00s) 
13:14:35.486 | n=134850 | primary=('mongo1', 27017)      | OK     ( 0.00s) 
13:14:35.502 | n=134900 | primary=('mongo1', 27017)      | OK     ( 0.00s) 
13:14:35.517 | n=134950 | primary=('mongo1', 27017)      | OK     ( 0.00s) 
13:14:35.532 | n=135000 | primary=('mongo1', 27017)      | OK     ( 0.00s) 
13:14:35.549 | n=135050 | primary=('mongo1', 27017)      | OK     ( 0.00s) 
13:14:35.564 | n=135100 | primary=('mongo1', 27017)      | OK     ( 0.00s) 
13:14:35.580 | n=135150 | primary=('mongo1', 27017)      | OK     ( 0.00s) 
13:14:35.595 | n=135200 | primary=('mongo1', 27017)      | OK     ( 0.00s) 
13:14:35.611 | n=135250 | primary=('mongo1', 27017)      | OK     ( 0.00s) 
13:14:35.626 | n=135300 | primary=('mongo1', 27017)      | OK     ( 0.00s) 
13:14:35.642 | n=135350 | primary=('mongo1', 27017)      | OK     ( 0.00s) 
13:14:35.658 | n=135400 | primary=('mongo1', 27017)      | OK     ( 0.00s) 
13:14:35.674 | n=135450 | primary=('mongo1', 27017)      | OK     ( 0.00s) 
13:14:35.689 | n=135500 | primary=('mongo1', 27017)      | OK     ( 0.00s) 
13:14:35.705 | n=135550 | primary=('mongo1', 27017)      | OK     ( 0.00s) 
13:14:35.722 | n=135600 | primary=('mongo1', 27017)      | OK     ( 0.00s) 
13:14:35.739 | n=135650 | primary=('mongo1', 27017)      | OK     ( 0.00s) 
13:14:35.757 | n=135700 | primary=('mongo1', 27017)      | OK     ( 0.00s) 
13:14:35.773 | n=135750 | primary=('mongo1', 27017)      | OK     ( 0.00s) 
13:14:35.790 | n=135800 | primary=('mongo1', 27017)      | OK     ( 0.00s) 
13:14:35.805 | n=135850 | primary=('mongo1', 27017)      | OK     ( 0.00s) 
13:14:35.821 | n=135900 | primary=('mongo1', 27017)      | OK     ( 0.00s) 
13:14:35.836 | n=135950 | primary=('mongo1', 27017)      | OK     ( 0.00s) 
13:14:35.852 | n=136000 | primary=('mongo1', 27017)      | OK     ( 0.00s) 
13:14:35.867 | n=136050 | primary=('mongo1', 27017)      | OK     ( 0.00s) 
13:14:35.883 | n=136100 | primary=('mongo1', 27017)      | OK     ( 0.00s) 
13:14:35.899 | n=136150 | primary=('mongo1', 27017)      | OK     ( 0.00s) 
13:14:35.914 | n=136200 | primary=('mongo1', 27017)      | OK     ( 0.00s) 
13:14:35.930 | n=136250 | primary=('mongo1', 27017)      | OK     ( 0.00s) 
13:14:35.946 | n=136300 | primary=('mongo1', 27017)      | OK     ( 0.00s) 
13:14:35.961 | n=136350 | primary=('mongo1', 27017)      | OK     ( 0.00s) 
13:14:35.977 | n=136400 | primary=('mongo1', 27017)      | OK     ( 0.00s) 
13:14:35.993 | n=136450 | primary=('mongo1', 27017)      | OK     ( 0.00s) 
13:14:36.009 | n=136500 | primary=('mongo1', 27017)      | OK     ( 0.00s) 
13:14:36.025 | n=136550 | primary=('mongo1', 27017)      | OK     ( 0.00s) 
13:14:36.042 | n=136600 | primary=('mongo1', 27017)      | OK     ( 0.00s) 
13:14:36.057 | n=136650 | primary=('mongo1', 27017)      | OK     ( 0.00s) 
13:14:36.073 | n=136700 | primary=('mongo1', 27017)      | OK     ( 0.00s) 
13:14:36.089 | n=136750 | primary=('mongo1', 27017)      | OK     ( 0.00s) 
13:14:36.105 | n=136800 | primary=('mongo1', 27017)      | OK     ( 0.00s) 
13:14:36.120 | n=136850 | primary=('mongo1', 27017)      | OK     ( 0.00s) 
13:14:36.136 | n=136900 | primary=('mongo1', 27017)      | OK     ( 0.00s) 
13:14:36.152 | n=136950 | primary=('mongo1', 27017)      | OK     ( 0.00s) 
13:14:36.168 | n=137000 | primary=('mongo1', 27017)      | OK     ( 0.00s) 
13:14:36.184 | n=137050 | primary=('mongo1', 27017)      | OK     ( 0.00s) 
13:14:36.200 | n=137100 | primary=('mongo1', 27017)      | OK     ( 0.00s) 
13:14:36.216 | n=137150 | primary=('mongo1', 27017)      | OK     ( 0.00s) 
13:14:36.232 | n=137200 | primary=('mongo1', 27017)      | OK     ( 0.00s) 
13:14:36.248 | n=137250 | primary=('mongo1', 27017)      | OK     ( 0.00s) 
13:14:36.263 | n=137300 | primary=('mongo1', 27017)      | OK     ( 0.00s) 
13:14:36.280 | n=137350 | primary=('mongo1', 27017)      | OK     ( 0.00s) 
13:14:36.295 | n=137400 | primary=('mongo1', 27017)      | OK     ( 0.00s) 
13:14:36.312 | n=137450 | primary=('mongo1', 27017)      | OK     ( 0.00s) 
13:14:36.328 | n=137500 | primary=('mongo1', 27017)      | OK     ( 0.00s) 
13:14:36.343 | n=137550 | primary=('mongo1', 27017)      | OK     ( 0.00s) 
13:14:36.360 | n=137600 | primary=('mongo1', 27017)      | OK     ( 0.00s) 
13:14:36.377 | n=137650 | primary=('mongo1', 27017)      | OK     ( 0.00s) 
13:14:36.392 | n=137700 | primary=('mongo1', 27017)      | OK     ( 0.00s) 
13:14:36.409 | n=137750 | primary=('mongo1', 27017)      | OK     ( 0.00s) 
13:14:36.424 | n=137800 | primary=('mongo1', 27017)      | OK     ( 0.00s) 
13:14:36.440 | n=137850 | primary=('mongo1', 27017)      | OK     ( 0.00s) 
13:14:36.456 | n=137900 | primary=('mongo1', 27017)      | OK     ( 0.00s) 
13:14:36.472 | n=137950 | primary=('mongo1', 27017)      | OK     ( 0.00s) 
13:14:36.488 | n=138000 | primary=('mongo1', 27017)      | OK     ( 0.00s) 
13:14:36.504 | n=138050 | primary=('mongo1', 27017)      | OK     ( 0.00s) 
13:14:36.520 | n=138100 | primary=('mongo1', 27017)      | OK     ( 0.00s) 
13:14:36.535 | n=138150 | primary=('mongo1', 27017)      | OK     ( 0.00s) 
13:14:36.551 | n=138200 | primary=('mongo1', 27017)      | OK     ( 0.00s) 
13:14:36.567 | n=138250 | primary=('mongo1', 27017)      | OK     ( 0.00s) 
13:14:36.582 | n=138300 | primary=('mongo1', 27017)      | OK     ( 0.00s) 
13:14:36.598 | n=138350 | primary=('mongo1', 27017)      | OK     ( 0.00s) 
13:14:36.614 | n=138400 | primary=('mongo1', 27017)      | OK     ( 0.00s) 
13:14:36.630 | n=138450 | primary=('mongo1', 27017)      | OK     ( 0.00s) 
13:14:36.646 | n=138500 | primary=('mongo1', 27017)      | OK     ( 0.00s) 
13:14:36.662 | n=138550 | primary=('mongo1', 27017)      | OK     ( 0.00s) 
13:14:36.677 | n=138600 | primary=('mongo1', 27017)      | OK     ( 0.00s) 
13:14:36.692 | n=138650 | primary=('mongo1', 27017)      | OK     ( 0.00s) 
13:14:36.708 | n=138700 | primary=('mongo1', 27017)      | OK     ( 0.00s) 
13:14:36.723 | n=138750 | primary=('mongo1', 27017)      | OK     ( 0.00s) 
13:14:36.740 | n=138800 | primary=('mongo1', 27017)      | OK     ( 0.00s) 
13:14:36.756 | n=138850 | primary=('mongo1', 27017)      | OK     ( 0.00s) 
13:14:36.772 | n=138900 | primary=('mongo1', 27017)      | OK     ( 0.00s) 
13:14:36.787 | n=138950 | primary=('mongo1', 27017)      | OK     ( 0.00s) 
13:14:36.803 | n=139000 | primary=('mongo1', 27017)      | OK     ( 0.00s) 
13:14:36.819 | n=139050 | primary=('mongo1', 27017)      | OK     ( 0.00s) 
13:14:36.834 | n=139100 | primary=('mongo1', 27017)      | OK     ( 0.00s) 
13:14:36.850 | n=139150 | primary=('mongo1', 27017)      | OK     ( 0.00s) 
13:14:36.866 | n=139200 | primary=('mongo1', 27017)      | OK     ( 0.00s) 
13:14:36.882 | n=139250 | primary=('mongo1', 27017)      | OK     ( 0.00s) 
13:14:36.897 | n=139300 | primary=('mongo1', 27017)      | OK     ( 0.00s) 
13:14:36.913 | n=139350 | primary=('mongo1', 27017)      | OK     ( 0.00s) 
13:14:36.928 | n=139400 | primary=('mongo1', 27017)      | OK     ( 0.00s) 
13:14:36.944 | n=139450 | primary=('mongo1', 27017)      | OK     ( 0.00s) 
13:14:36.960 | n=139500 | primary=('mongo1', 27017)      | OK     ( 0.00s) 
13:14:36.975 | n=139550 | primary=('mongo1', 27017)      | OK     ( 0.00s) 
13:14:36.991 | n=139600 | primary=('mongo1', 27017)      | OK     ( 0.00s) 
13:14:37.009 | n=139650 | primary=('mongo1', 27017)      | OK     ( 0.00s) 
13:14:37.025 | n=139700 | primary=('mongo1', 27017)      | OK     ( 0.00s) 
----------------------------------------------------------------------------------------------------
Ecritures reussies (vues par le script) : 139733
Ecritures en echec                      : 0
count_documents reel dans la collection : 139733
Ecart (reel - reussies)                 : 0
